 Age, Height (in inches), Weight (in pounds), GPA, Hobbies, Favorite Color, Hours spent on Social Media per week,Bevarage Preference, Number of books read per month, Number of movies watched per week, Minutes spent playing sports/working out per week, Favorite Cuisine, Number of countries visited in lifetime, Number of motorbikes/cars owned in lifetime, Number of brand new pairs of shoes owned, Favorite TV Show, Preference between Wine and Hard Liquor, Relationship Status, Level of spiciness tolerance, Preference between Cats and Dogs, Monthly stipend, Night Owl or Early Bird, Hours spent studying per week, Dancer (Yes/No), Number of languages spoken, Preference between Oceans and Mountains, Favorite Season, Preference for indoor or outdoor activities, Introvert or Extrovert, Marvel or DC fan, Favorite James Bond portrayal, Mobile Operating System (Android or IOS), Preference for short or long hair in the opposite gender, Monthly expenditure, Average hours of sleep per night, Vegetarian or Non-vegetarian, Preference for eating at home or out, Preference for taking stairs or elevator, Desired number of children, Wears glasses (Yes/No), Likes singing (Yes/No), Preferred programming language, Gender, Party Person (Yes/No), Eye Color, Wisdom Teeth (Yes/No), Uses sunscreen (Yes/No), Preference between soda and water in alcohol, Favorite Professor, Preference between sweet and savory, Favorite Dessert, Whom do you like - Cristiano Ronaldo or Lionel Messi, Preference between Pasta and Pizza, Favorite gaming system, Favorite online gaming site, Favorite sport to watch,Preferred game, Number of social platforms active on (including LinkedIn), Number of friends/followers on social platforms (including LinkedIn), Number of high school classmates still in touch with, Number of close friends, Employment Status, Number of days per week exercising, Movie-watching location, Number of shopping trips per month, Courses taken this semester, Programming experience (in months), Number of siblings
42,6',180,it's complicated,cooking,green,10,Tea,1,1,630,Thai,2,4,0,Mythic Quest,Neither,No,Hot,both,,Night owl,20,Yes,1,,,Both,Ambivert (both),Marvek,,Android,Does not matter,,7,flexitarian,,Stairs,,Yes,Yes,,,,,Yes,Sometimes,,all of them! ; ),Both,,,Both,,,basketball,,2,"2,000",6,5,Yes,6,Netflix or other streaming platforms,,6,,1
26,62,115,3.4,Playing games,Pink,~35 hours,Soda,0,Sometimes maybe 1-2,0,Japanese,3,1,~7 (I never wore them),Hunter X Hunter,Neither,Yes,Mild,Both,0,Early bird,~35,No,2,Oceans,Winter,Indoor,Introvert,Marvek,I don't know,IOS,Short,200-500,6 per day,Non-vegetarian,Eating out,Elevator,2,Yes,Yes,Python,Female,No,Brown,No,Yes,Soda,Roger Wehr,Both,Ice cream,Neither (I'm not into sport),Pizza,Playstation,League of Legends,None,Soccer,5,100-300 (depends on the platform),7,2,No,0,Netflix or other streaming platforms,1,5,~19,1
25,70,198,2.8,Drawing,Neon Green,30,Coffee,1,1,2,Salmon,2,1,2,Made in Abyss,Hard Liquor,No,Medium,Dogs,800,Night owl,20,No,1,Mountains,Winter,Outdoor,Ambivert (both),DC,I'll tell you when i see one,Android,Long,600,8,Non-vegetarian,Eating at Home,Stairs,3,Yes,Yes,C/C++,Male,Yes,Blue,Yes,Yes,Soda,Dallio,Both,Pie,Wirtual (Closest person in a sport i watch),Both,Ninentendo,Steam,ESports,Soccer,6,400,0,4,Yes,2,My own computer,4,4,60,1
23,71,170,2.8,none,blue,21,Coffee,0,0,0,seafood,2,1,0,none,Neither,No,Hot,Dogs,0,Night owl,35,No,1,Mountains,Winter,Indoor,Introvert,Neither,Sean Connery,IOS,Long,0,8,Non-vegetarian,Eating at Home,Stairs,12,No,No,Python,male,No,blue,Yes,Sometimes,Neither,Bakker,Sweet,Orange cream Icecream,,,Other,Steam,none,American Football,2,0,2,0,No,0,Netflix or other streaming platforms,0,4,36,2
23,5'4,132,3. 5,3d printing,Teal,14,Tea,0,1,0,Japanese,2,3,2,Fullmetal alchemist: brotherhood,Neither,Yes,Hot,Cats,0,Night owl,14,No,2,Oceans,Winter,Indoor,Ambivert (both),Neither,007,Android,Does not matter,1500,5,Non-vegetarian,Eating out,Stairs,2,Yes,No,Python,Male,No,Brown,Yes,No,Neither,Rozsa Zaruba,Savory,Palmier,Lionel Messi,Neither,Other,osu! ,Soccer,Soccer,5,1500,3,7,No,0,My own computer,8,5,48,5
Huy Nguyen,5 feet 7,160,3,Coding,Black,40 hours,Tea,0,0,3,Vietnamese,2,1,0,Nothing,Wine,Yes,Hot,Dogs,0,Early bird,10,No,2,Oceans,Spring,Both,Ambivert (both),Marvek,i don't know,IOS,Long,150,7,Non-vegetarian,Eating out,Elevator,2,Yes,Yes,Python,Men,Yes,Brown,No,Sometimes,Soda,Rozsa Zaruba,Both,Ice Cream,Cristiano Ronaldo,Pasta,Playstation,i don't have one,Soccer,Soccer,3,500,0,4,No,2,Netflix or other streaming platforms,0,6,30,2
24,5’2,105,3,Travelling,Blue,14,Coffee,1,1,2,Japanese,4,1,3,Friends,Wine,No,Medium,Dogs,1200,Both depends,14,Yes,3,Mountains,Spring,Both,Ambivert (both),Neither,N/A,IOS,Does not matter,1000,8,Vegetarian,Eating at Home,Stairs,2,No,Yes,Java,Female,Yes,Brown,No,Yes,Neither,Nadra Guizani,Sweet,Chocolate ,Lionel Messi,Both,Other,N/a,Soccer,Soccer,4,700,4,6,No,3,Netflix or other streaming platforms,1,6,Average,1
22,5'7,110,3.3,Writing,Purple,30,Tea,15,2,75,Thai,8,0,2,Brooklyn 99,Neither,No,Medium,Cats,N/A,Night owl,30,No,1,Oceans,Fall,Both,Ambivert (both),Marvek,N/A,IOS,Does not matter,N/A,8,Non-vegetarian,Eating at Home,Stairs,4,Yes,No,Python,Female,Yes,Brown,No,Sometimes,Neither,Professor Nadra Guizani,Both,Cream puffs,Lionel Messi,Both,Xbox,Steam,None,Soccer,10+,50-100 average,20+,4,No,5,My own computer,2,4,35,2
21,5’3,123,~3.5,Music Production,Orange,Probably 20 hours? Maybe less.,,None,None,120 minutes,"I don’t know, really.",3,1,"They’re all relatively used, ha.","Community, but I have none at this time.",Neither,No,Hot,Cats,None,Night owl,I think ~ 40 hours?,No,3,Oceans,All of them,Both,Ambivert (both),Neither,"Craig, but Connery is a close 2nd.",IOS,Does not matter,"~ $200, give or take",7.5 hours,Non-vegetarian,Eating at Home,Stairs,None for now,Yes,Yes,Other,Male,No,Brown,No,Yes,Neither,Surprisingly Dalio.,Both,None,Lionel Messi,Both,Other,Steam,"I don’t watch sports, lol.",Soccer,"3, I think?",Thousand inactive followers.,None,10?,No,4 days,My own computer,5,5,72 months?,1
21,"5'8""",134,3.43,Video games,Blue,16,Coffee,0,4,0,Tacos,1,2,1,Frieren,Wine,No,Hot,Cats,0,Night owl,3,No,1,Mountains,Fall,Indoor,Introvert,Marvek,Daniel Craig,Android,Short,150,9,Non-vegetarian,Eating at Home,Stairs,0,No,No,C/C++,Male,No,Blue,No,No,Soda,Dalio,Both,Ice Cream,idk either,Pizza,Other,Steam,Tennis,American Football,7,10,0,2,Yes,0,My own computer,0,"CSE 4310, CSE 4317, CSE 4334, CSE 5382",108,1
21,72,190,3.7,Playing Games,Black,25,Coke Zero,1,1,300,Italian,26,1,2,Breaking Bad,Neither,No,Hot,Dogs,1200,Night owl,35,No,4,Oceans,Spring,Both,Ambivert (both),Marvek,Craig,IOS,Does not matter,850,6,Vegetarian,Eating out,Elevator,2,Yes,No,Python,Male,Yes,Brown,No,Sometimes,Neither,Ron Cross,Both,Cake,Lionel Messi,Both,Other,n/a,cricket,Soccer,7,350,10,0,No,6,Netflix or other streaming platforms,5,4,40,0
22,66,156,3.4,Basketball,black,14,Tea,1,1,600,Korean BBQ,3,1,0,Breaking bad,Neither,Yes,Hot,Cats,0,Night owl,10,No,2,Mountains,Winter,Both,Ambivert (both),Marvek,N/a,IOS,Long,600,7,Non-vegetarian,Eating out,Stairs,2,No,No,Python,male,No,Brown,No,Yes,Neither,Rozsa Zaruba,Sweet,Cake,Cristiano Ronaldo,Pizza,Other,Idk,Basketball,American Football,4,300,50,20,Yes,4,Youtube,0,4,24,0
28,67,180,3.5,Reading ,Green,7,Coffee,2,0,120,Mexican,3,2,6,Jujutsu Kaisen ,Neither,No,Hot,Cats,0,Night owl,10,No,2,Mountains,Winter,Both,Introvert,DC,Daniel Craig,IOS,Short,1300,6.5,Non-vegetarian,Eating at Home,Elevator,4,Yes,Yes,Java,Male,No,Brown,Yes,Sometimes,Soda,Professor Donna French,Both,Fried Oreos,Cristiano Ronaldo,Pizza,Ninentendo,Pokemon Showdown ,Football (soccer),Soccer,2,200,5,4,Yes,2,Netflix or other streaming platforms,2,"5 total: Software Testing, Object Oriented SWE, Data Mining, Professional Practice and Signal Processing. ",24,3
23,68.4,130,3.5,Art,Purple,20,Tea,1,3,2,Omelette,3,2,2,Arcane,Neither,No,Medium,Dogs,0,Night owl,15,No,2,Oceans,Fall,Indoor,Introvert,Neither,Daniel Craig,Android,Short,200,8,Non-vegetarian,Eating at Home,Elevator,2,Yes,Yes,Python,Male,No,Brown,Yes,No,Water,Bakker,Savory,Egg tart,Lionel Messi,Pizza,Playstation,Steam,Esport,Soccer,5,30,1,5,No,2,Youtube,0,"CSE-4303, CSE-4308, CSE-4334, CSE-4344, CSE-5331",18,1
21,"5,11",130,3,Rock Climbing,Dark Purple,7,Coffee,1,1,180,Tacos,1,1,1,Avatar: The last airbender,Neither,Maybe,Hot,Cats,0,"Flips between Night owl, and Early Bird",10,Yes,2,Mountains,All of them,Both,Introvert,Neither,None,Android,Does not matter,300,8,Non-vegetarian,Eating at Home,Stairs,2,Yes,Yes,Python,Male,No,Blue,No,Yes,Neither,Alex Dillhoff,Both,Pie,Neither,Both,Other,Steam,E-sports,Rugby,not at all,50,10,7,No,4-Mar,My own computer,0,5,90,1
21,60,150,3.72,gaming,red,7,Coffee,0,2,180,pizza,1,1,2,one piece,Hard Liquor,No,Medium,Dogs,0,Night owl,10,No,1,Oceans,Summer,Indoor,Introvert,Neither,daniel craig,IOS,Long,200,6.5,Non-vegetarian,Eating out,Elevator,2,No,No,Python,Male,No,brown,No,Yes,Soda,Rozsa Zaruba,Sweet,Ice Cream,Cristiano Ronaldo,Pizza,Other,Steam,Basketball,American Football,1,100,10,3,No,3,Other,0,5,30,1
21,71,150,3.68,Electronic Dance Music Production,Blue,20,Coke,0,2,0,Indian,2,1,0,Succession,Neither,No,Hot,Dogs,350,Early bird,20,No,3,Mountains,Spring,Both,Introvert,Marvek,Daniel Craig,Android,Short,3000,8,Vegetarian,Eating at Home,Elevator,1,Yes,No,Python,Male,No,Black,No,Sometimes,Soda,Alex Dilhoff,Neither,Cheesecake,Lionel Messi,Pizza,Playstation,juno,Football (Soccer) ,Soccer,1,2000+,8-Jul,2,Yes,5,Netflix or other streaming platforms,0,3,36,1
22,5.7,128,3.35,Playing Guitar,Red,20-Oct,Tea,1,0,0,Nepalease,4,1,2,N/A,Neither,No,Hot,Dogs,650-700,Both it depends,30+,Yes,3,Both,Spring,Both,Ambivert (both),Marvek,N/A,IOS,Does not matter,Dec-24,7-Jun,Non-vegetarian,Eating at Home,Stairs,2,No,Yes,Java,Male,Yes,Black,No,Sometimes,Neither,Rozsa Zaruba,Both,Black Forest Cake,Lionel Messi,Both,Playstation,PUBG,Cricket,American Football,3,5000+,10,2,Yes,5,Youtube,0,5,30+,2
22,70,220,3.6,video gaming,blue,5,,0,0,600,Italian/pizza,6,0,1,One Piece,Neither,No,Medium,Dogs,~$300,Early bird,too many,No,1,Oceans,Fall,Outdoor,Introvert,Marvek,No opinion,Android,Long,$150 ,8,Non-vegetarian,Eating out,Stairs,2,Yes,No,Python,Male,No,blue,Yes,Yes,Soda,Trevor Bakker,Savory,ice cream,Lionel Messi,Pizza,Ninentendo,coolmathgames,baseball,American Football,3,133,6,4,Yes,3,Movies,1,40,50,1
22,67,165,2.7,Meeting People,Blue,4,Coffee,0,1,0,Chicken Biryani,5,1,0,Breaking Bad,Neither,No,Medium,Dogs,0,Both,24,No,2,Mountains,Spring,Both,Extravert,DC,Timothy Dalton,IOS,Does not matter,500,8,Non-vegetarian,Eating out,Elevator,4,Yes,Yes,Python,Male,No,Brown,No,Yes,Neither,Alex Dilhoff,Savory,Brownie,Lionel Messi,Pasta,Xbox,Cool math games,American Football,American Football,2,650,0,5,Yes,0,Movies,0,6,48,2
22,5'2,113,3.9,Traveling,Black,5,Coffee,1,1,0,Korean,11,0,1,friends,Neither,No,Hot,Dogs,700,Night owl,40,Yes,3,Oceans,Summer,Both,Extravert,Marvek,Timothy Dalton,IOS,Short,500,6,Non-vegetarian,Eating at Home,Elevator,2,No,Yes,Python,female,No,black,Yes,Sometimes,Neither,Rozsa Zaruba,Savory,Tres Leches,Cristiano Ronaldo,Both,Ninentendo,miniclip.com,football,Soccer,7,2636,50,3,Yes,3,Netflix or other streaming platforms,0,7,36,1
21,5ft 4inch,164 lb,3.72,singing ,purple,10 hours,Tea,0,1,120,Indian,5,0,0,Brooklyn 99,Neither,Yes,Medium,Cats,$500 ,Early bird,12,No,3,Oceans,Spring,Indoor,Ambivert (both),Neither,none,IOS,Short,200,8,Non-vegetarian,Eating at Home,Elevator,2,No,Yes,Python,Female,No,black,Yes,Yes,Water,Donna French,Savory,dark chocolate,Lionel Messi,Pasta,Other,none,cricket,American Football,4,1000,3,1,Yes,3,Netflix or other streaming platforms,1,5,40,3
21,6,175,3.8,Making music,Black,3,Coffee,1,3,15,Thai,5,1,1,Two and a Half Men,Neither,Yes,Hot,Dogs,,Night owl,30,No,3,Oceans,All of them,Both,Ambivert (both),Marvek,,IOS,Does not matter,,7-Jun,Non-vegetarian,Eating at Home,Stairs,2,Yes,No,C/C++,Male,No,Black,No,Sometimes,Neither,Rozsa Zaruba,Both,Tiramisu,Cristiano Ronaldo,Both,Playstation,,,Soccer,6,500,15,7,No,5,Netflix or other streaming platforms,4,6,24,1
21,5'4,180,3.38,cooking,Green,3.5,Tea,1,0,3,Chinese,5,3,5,Better Call Saul,Neither,Yes,Hot,Dogs,1000,Night owl,21,No,2,both,Fall,Both,Ambivert (both),Neither,I don't really have any knowledge about this,IOS,Does not matter,400,6-May,Non-vegetarian,Eating out,Stairs,3,No,Yes,Python,Male,No,Brown,Yes,Yes,Soda,"Bakker, Guizani",Both,Egg Tart,Lionel Messi,Pasta,Xbox,None,Soccer,Soccer,3,400,5,1,Yes,0,My own computer,2,6,24,2
21,73,185,3.6,Weight Lifting,Green,9,Coffee,0,0,540,Sushi,2,1,3,The Office,Hard Liquor,Yes,Hot,Dogs,1000,Early bird,6,No,2,Oceans,Spring,Outdoor,Extravert,Marvek,Daniel Craig,IOS,Long,600,7,Non-vegetarian,Eating out,Elevator,2,No,Yes,Java,Male,Yes,Brown,Yes,Yes,Water,Kelly French,Savory,Mango Sticky Rice,,Pasta,Playstation,Fortnite,MMA,American Football,4,300,20,8,Yes,6,Movies,1,5,24,2
21,70,160,3.91,Watch TV,Blue,15,Tea,0,1,0,Indian,3,4,1,Office,Neither,No,Medium,Dogs,0,Night owl,25,No,3,Mountains,Spring,Indoor,Introvert,DC,Daniel Craig,IOS,Long,1000,8,Vegetarian,Eating at Home,Stairs,2,No,No,Python,Male,No,Black,Yes,Yes,Neither,Professor Zaruba,Both,Apple Pie,Cristiano Ronaldo,,Playstation,Youtube,Cricket,Soccer,1,0,0,2,No,4,Netflix or other streaming platforms,10,5,8,1
21,63,160,3.2,writing,"blue, black",28,Tea,4,3-Jan,300,indian ,10,2,20,Normal People,Neither,Maybe,Hot,Cats,0,Early bird,20 ish,Yes,5,Mountains,Fall,Outdoor,Ambivert (both),Marvek,Haven’t watched any,IOS,Does not matter,700,8,Non-vegetarian,Eating at Home,Elevator,2,Yes,Yes,Python,Female,No,hazel/brown,Yes,Yes,Neither,Dr. Alex Dilhoff,Savory,Cheesecake,Lionel Messi,Pizza,Xbox,None,Soccer,Soccer,3,2000+,none,12,Yes,6-May,Netflix or other streaming platforms,maybe 1,6,48,1
20,71,160,4,Bouldering,Dark Grey,1,Coffee,2,0,480,Simple,1,1,0,Mythbusters,Neither,No,Medium,Dogs,0,Night owl,1,No,1,Mountains,Winter,Indoor,Ambivert (both),Marvek,N/A,Android,Does not matter,500,7,Non-vegetarian,Eating at Home,Stairs,0,No,Yes,Python,Male,No,Brown,Yes,Sometimes,Neither,Linda Barasch,Savory,Fudge Brownies,Lionel Messi,Both,Other,https://www.coolmathgames.com,Hockey,Soccer,0,137,2,4,Yes,4,Netflix or other streaming platforms,1,5,120,2
20,5'7,140,3.54,playing guitar,purple,22,dr pepper,0,0-2,0,raising canes,2,4,0,Breaking Bad,Neither,No,Mild,Dogs,600,"both, it depends",2,No,1.2 (little bit of spanish),Mountains,Fall,Both,Introvert,Marvek,Daniel Craig,IOS,Does not matter,601,7-May,Non-vegetarian,Eating at Home,Stairs,0,Yes,Yes,Python,attack helicopter,No,brown,Yes,No,Neither,"Mr Warren, my high school shop teacher. He's real. ",Both,That molten lava cake with ice cream from chilis. ,nah,Neither,Other,roblox,n/a,Rugby,2,111,4,3,No,0,Netflix or other streaming platforms,0,4,12,3
20,65 inches ,147,3.11,Drawing,Green,20 hours,Coffee,0,0,0,Pad see ew noodles,6,1,0,Avatar the Last Airbender,Neither,No,Hot,Cats,250,Night owl,10,No,2,Mountains,Winter,Both,Ambivert (both),Marvek,I never watched James Bond,IOS,Does not matter,50,6,Non-vegetarian,Eating at Home,Elevator,3,Yes,Yes,Python,Female,No,Brown,No,Sometimes,Neither,"This semester, Allison Sullivan",Savory,Egg tart,Neymar,Both,Ninentendo,I have none,Basketball,Soccer,3,175,4,4,Yes,0,Netflix or other streaming platforms,1,"CSE 4334, CSE 4321, CSE 4373, CSE 4308, CSE 4305",24 months,2
35,5 ft 7 in,164,3.9,play chess,blue,2 hours,Coffee,1,1,60,Pho,2,2,3,Mask Singer,Wine,Yes,Mild,Dogs,$500 ,Early bird,20,No,2,Mountains,Spring,Outdoor,Extravert,Marvek,Pierce Brosnan,Android,Short,$300 ,6,Non-vegetarian,Eating at Home,Stairs,2,Yes,Yes,Python,Male,No,brown,No,No,Soda,Rozsa Zaruba,Savory,Fruit,Lionel Messi,Pizza,Xbox,Raging Bull,Soccer,Soccer,2,"1,000",20,5,Yes,3,My own computer,1,6,36,1
20,55 in,145 lbs,3.4,Skateboarding,Purple,10,Coffee,0,1,180,Asian,10,1,10,Tom and Jerry ,Neither,Yes,Hot,Dogs,800,Night owl,3,No,2,Mountains,Fall,Indoor,Introvert,Neither,Don’t watch James Bond,IOS,Long,800,7,Non-vegetarian,Eating out,Elevator,2,No,No,Java,Male,No,Dark brown,Yes,Sometimes,Neither,Don't have one,Sweet,Swiss rolls,Lionel Messi,Pizza,Other,Steam,Skateboarding,Soccer,3,700,10,5,Yes,3,Netflix or other streaming platforms,3,"CSE 4303, CSE 4308, CSE 4334, CSE 4344, CSE 4317",30,1
21,72,163,3.3,"Stocks, Skateboarding, Cars, watches, reading",black,28,Both i dont have any preference,3-Feb,0.2,480,pasta,2,1-Jan,18,The 100,Neither,Yes,Medium,Cats,600,Night owl,15,Yes,4,Mountains,All of them,Both,Ambivert (both),Neither,,Android,Long,400,6.5,Non-vegetarian,Eating at Home,Stairs,3,Yes,Yes,Python,Male,Yes,brown,Yes,Sometimes,Neither,,Sweet,penda(indian sweet),None,Pizza,Xbox,None,None,,insta,800,28/30,5,Yes,5,My own computer,2-Jan,5,,2
22,70,145,3.855,Adventure,Blue,21,Tea,0,0,6,Nepali,4,1,6,Breaking Bad,Neither,No,Hot,Any,0,Early bird,28,No,4,Mountains,Fall,Both,Ambivert (both),Marvek,N/A,IOS,Short,1000,7 hrs per night,Non-vegetarian,Eating at Home,Stairs,2,No,Yes,Java,Male,No,Black,No,Yes,Neither,Rice Flower,Savory,Cheesecake,Marco Reus,Both,Playstation,N/A,Football (British),Soccer,42,5000,5,5,No,2,Youtube,1,"CSE 4334, CSE 4344, CSE 4322, CSE 4303, CSE 3314",72,2
21,5'4,98,3.46,"Art, music, reading, watching entertainment ",teal,10+,Neither ,5-Apr,1 or 2 ,0,Thai,3,1,3,Office ,Neither,No,Hot,Both,~1000,Early bird,10+,No,5,Mountains,Spring,Indoor,Introvert,Neither,N/A,IOS,Short,800,8,Non-vegetarian,Eating out,Elevator,2,Yes,Yes,Java,Female ,No,Brown,No,Yes,Neither,Christopher McMorrough,Savory,Cheesecake ,Neither ,Both,Other,N/A,N/A,Soccer,4,500+,4-Mar,2,Yes,once or twice ,Netflix or other streaming platforms,1 or 2,"CSE 4344, CSE 4334, CSE 4317, CSE 4303, CSE 4308",84 months (7 years) ,1
21,"5'3""",120,3.2,Guitar,Red,11,Coffee,0,2,0,Pasta,7,2,3,Breaking Bad,Wine,Yes,Medium,Dogs,1800,Both,4,Yes,2,Oceans,Fall,Outdoor,Extravert,Marvek,Daniel Craig,IOS,Long,1500,6,Non-vegetarian,Eating out,Stairs,3,No,Yes,C/C++,Female,Yes,Brown,No,Sometimes,Soda,Fadiah Qudah,Both,Cookies,Lionel Messi,Both,Ninentendo,None,None,Soccer,2,2100,2,3,Yes,0,Netflix or other streaming platforms,1,5,48,4
28,67,172,3.8,Workout,Green,14,Coffee,0,1,60 mins,Korean,5,1,0,X,Neither,Yes,Medium,Dogs,0,Night owl,20,No,2,Oceans,Spring,Both,Ambivert (both),Marvek,N/A,IOS,Does not matter,1300,7,Vegetarian,Eating at Home,Elevator,2,Yes,,Python,Male,No,Brown,No,Yes,Soda,Professor Bakker,Both,Cheesecake,Lionel Messi,Both,Other,Steam,Soccer,Soccer,10,300,15,4,No,5,Netflix or other streaming platforms,4,"Data Mining, Senior design, Software Management, HCI, information security ",36,1
31,70,195,2.91,Gaming,Blue,8,Coffee,0,3-Feb,6-7 hours,Pasta,4,2,0,Game of thrones,Wine,Yes,Hot,Dogs,,Early bird,10,No,1,Oceans,Fall,Both,Ambivert (both),Marvek,Daniel Craig,IOS,Long,"2,000",8,Non-vegetarian,Eating at Home,Elevator,2,No,Yes,Python,Male,No,Blue,No,Yes,Soda,Zaruba,Both,Cinnabon cheesecake,Lionel Messi,Both,Other,Steam,Football,American Football,5,110,4,3,Yes,6,Netflix or other streaming platforms,4-Mar,4,48,2
24,5'8,156,3.5,Reading,Black,10,Tea,2,1,2,Vietnamese,2,2,10,The Blacklist,Hard Liquor,Yes,Mild,Dogs,1200,Night owl,35,No,2,Mountains,Spring,Both,Ambivert (both),Neither,Daniel Craig,IOS,Does not matter,1,7,Non-vegetarian,Eating out,Elevator,2,No,No,Python,Male,Yes,Black,Yes,Sometimes,Soda,Dillhoff,Both,Mango Sticky rice,Cristiano Ronaldo,Pizza,Xbox,Nimo,Soccer,Soccer,3,100,2,2,Yes,2,Netflix or other streaming platforms,2,6,24,1
26,5.6,148,3.37,Reading,Black,2,Tea,0,0,0,Momo,4,1,4,N/A,Neither,No,Medium,Dogs,0,Early bird,20,No,3,Mountains,Spring,Indoor,Introvert,Neither,Roger Moore,IOS,Short,400,7,Non-vegetarian,Eating at Home,Elevator,2,Yes,Yes,Python,Male,No,Black,No,No,Water,Rozsa Zaruba,Savory,Ras malai,Lionel Messi,Pizza,Playstation,steam,Champions league,Soccer,1,600,1,1,Yes,0,Youtube,3,4,7,2
24,70,177,3,Skateboarding,Blue,5 and half maybe 6 this past week specifically,Coffee,Maybe 1,Maybe 1-2,120-180 if not more,Asian,19,3,Brand new 0,Tokyo Girl,Hard Liquor,Yes,Medium,Cats,Comission based job so between 2000-4000,Mix of both depending on week,10,No,4,Oceans,Fall,Both,Ambivert (both),DC,Daniel Craig,IOS,Does not matter,2000-3000,9-Jul,Non-vegetarian,Eating at Home,Stairs,1,No,Yes,Python,male,Yes,brown,No,Yes,Soda,Mary Elizabeth Koon,Sweet,Tiramisu,Cristiano Ronaldo,Both,Ninentendo,steam,soccer or skateboarding,Soccer,6,"Instagram - 3,837, Facebook - 872",More than 10,5,Yes,5-Apr,Other,maybe 1,3,48,0
28,5ft 5,164,3.64,Books ,White ,20,Coffee,2,2,0,Ethiopian,3,4,0,Good trouble ,Wine,Yes,Medium,Dogs,4000,Early bird,15,No,2,Oceans,Fall,Indoor,Introvert,Neither,Daniel Craig ,IOS,Long,1300,7,Non-vegetarian,Eating at Home,Elevator,4,No,Yes,C/C++,Female ,No,Black,Yes,Sometimes,Neither,Roger Wehr,Sweet,Lemon tart,Cristiano Ronaldo,Pizza,Other,I don’t play games,Tennis,Soccer,3,60,5,6,Yes,0,Netflix or other streaming platforms,10,4,24,2
19,66,154,3.73,workout,yellow,10,Coffee,1,2,300,Indian,3,1,3,,Neither,No,Medium,Dogs,1300,Night owl,20,No,3,Mountains,Summer,Both,Ambivert (both),Neither,,IOS,Does not matter,800,8,Non-vegetarian,Eating at Home,Elevator,2,No,No,Java,Male,No,brown,Yes,Sometimes,Neither,Rozsa Zaruba,Savory,Cake,Lionel Messi,Pizza,Playstation,,Soccer,Soccer,4,1000,3,4,Yes,5,Netflix or other streaming platforms,1,,36,1
23,5'2,136,8.7,cooking,Navy blue,35 hours,Tea,2,6,15,Indian,2,1,5,Koffee with Karan,Neither,No,Medium,Dogs,0,Night owl,40 hours,No,3,Mountains,Spring,Both,Ambivert (both),Neither,NA,Android,Does not matter,0,60 hours,Non-vegetarian,Eating at Home,Stairs,2,Yes,No,Python,Female,Yes,Brown,No,Yes,Neither,Rozsa Aruba,Both,"Kadhu ka kheer, Apricot delight",Cristiano Ronaldo,Both,Playstation,Pubg,Badminton,Soccer,5,200 above,10,20,No,2,My own computer,1,3,6,1
24,74,146,3.5,Playing video games,Yellow,15,Tea,0,2,0,Italian ,2,1,0,Tomorrow's Joe,Neither,No,Medium,Cats,0,Night owl,15,No,2,Mountains,Winter,Indoor,Introvert,DC,Daniel Craig ,Android,Long,idk,6,Non-vegetarian,Eating at Home,Stairs,2,Yes,No,Python,Male,No,Dark Brown,Yes,No,Water,Dalio,Savory,Ice Cream,Cristiano Ronaldo,Pizza,Other,Steam,Boxing,Soccer,1,70,1,3,No,0,My own computer,4,"Machine Learning, Data Mining, Senior Design part 2, Philosophy, Secure Programming",45,0
28,162,100,4,singing,pink,42,None,0,5,60,Indian,2,0,2,Suits,Neither,Yes,Hot,Neither,0,Night owl,20,No,2,Oceans,Summer,Indoor,Introvert,Neither,Daniel Craig,IOS,Long,,8,Vegetarian,Eating at Home,Elevator,2,No,Yes,Python,Female,No,Black,Yes,Yes,Neither,Zaruba,Savory,Cheesecake,Cristiano Ronaldo,Both,Other,NA,NA,Soccer,2,200,2,2,No,2,Netflix or other streaming platforms,2,3,72,1
24,176,200,2.99,Reading,Skyblue,6,Both,0,1,120,Chinese,2,3,2,Panchayat,Neither,No,Hot,"Pets are an additional responsibilty, I'm not ready.",0,Early bird,9,No,3,Both,All of them,Both,Introvert,Marvek,No idea,Android,Does not matter,600,6,Non-vegetarian,Eating out,Elevator,2,Yes,No,Python,Male,No,Brown,Yes,Sometimes,Neither,Rosza mam,Both,Cheesecake,Lionel Messi,Both,Ninentendo,Pubg mobile,Kabaddi,Rugby,4,300,3,4,Yes,2,Netflix or other streaming platforms,1,"Foundation of Computing, probability and statistics, Data science",26,0
24,63.6,114,3,"Painting , dancing",Sky blue,24,Coffee,,,,,,,,,,,,,,,,,,,,,,,,,,,,,,,,No,No,C/C++,Female,Yes,Black,No,Yes,Neither,,Savory,Icecream ,Cristiano Ronaldo,Pizza,Playstation,Among us,Apple,American Football,4,300,4,4,No,5 days,,,,,
23,5.6,132,3.5,Watching TV,Black,20,Soda,1,3,0,Indian,3,0,3,Full House,Neither,No,Hot,Dogs,1800,Night owl,15,Yes,3,Mountains,Fall,Indoor,Introvert,Neither,NA,IOS,Long,1000,12,Non-vegetarian,Eating at Home,Elevator,2,No,No,Python,Female,Yes,Brown,No,Yes,Neither,NA,Both,Burfi,Cristiano Ronaldo,Both,Xbox,MPL,Cricket,Rugby,3,2000,2,2,Yes,0,Netflix or other streaming platforms,3,1,24,1
26,5.2,150,3.4,,,,,,,,,,,,,,,,,,,,,,,,,,,,,,,,,,,,,,,,,,,,,,,,,,,,,,,,,,,,,,,,
24,5'4,66,3.83,cooking,black,20,Coffee,0,0,60,Indian,2,0,2,Big Bang Theory,Neither,Yes,Hot,Dogs,0,Early bird,20,Yes,4,Oceans,Spring,Outdoor,Extravert,Neither,none,IOS,Long,100$,9,Non-vegetarian,Eating out,Stairs,2,Yes,Yes,Python,female,Yes,Brown,No,Yes,Water,None,Sweet,Ice Cream,Lionel Messi,Pizza,Playstation,none,Cricket,American Football,4,400,10,5,No,3,Netflix or other streaming platforms,4,3,24,1
23,68,141.06,8.49,playing Badminton,black,40,Coffee,2,4,420-500,Indian,1,2,3,,Neither,No,Medium,Dogs,30000,Early bird,30,Yes,3,Mountains,All of them,Both,Introvert,Marvek,Mahesh Babu,Android,Does not matter,450 dollars,8,Non-vegetarian,Eating at Home,Elevator,1,No,No,Python,Male,Yes,black,,Sometimes,Neither,Rozsa Zaruba,Sweet,Cake,Lionel Messi,Pizza,Playstation,,Cricket,American Football,4,200,10,4,Yes,3,Netflix or other streaming platforms,2,"DASC5300- FOUNDATION OF COMPUTING, DASC-5302-PROBABILITY  , DASC5301 - DATASCEINCE",6,2
23,73,218,3.5,Watching Webseries,White,6 hrs,Tea,2,20,12,India ,1,2,7,13 Reasons Why,Hard Liquor,No,Hot,Dogs,1200,All of the above,10,Yes,4,Mountains,Fall,Both,Ambivert (both),DC,Daniel craig,IOS,Long,500,6,Non-vegetarian,Eating out,Stairs,3,No,No,Python,Male,Yes,Brown,No,No,Soda,Rosza zaruba,Sweet,Bread Halwa,Lionel Messi,Pizza,Playstation,Miniclip,Cricket,Soccer,5,1000,10,10,Yes,10,My own computer,2,3,2yrs,1
23,165,167,3.5,Reading books ,White,5,Tea,5,7,4,Indian,2,1,2,Shinchan,Neither,No,Hot,Dogs,0,Night owl,20,Yes,3,Mountains,Summer,Both,Ambivert (both),Marvek,Roger Moor,IOS,Long,600$,6,Vegetarian,Eating at Home,Elevator,2,Yes,Yes,Python,Female,No,Black,No,Sometimes,Neither,Rozsa Zaruba ,Sweet,Rasmalai,Cristiano Ronaldo,Pizza,Xbox,Ufreegames,Kabbadi,Soccer,LinkedIn instagram YouTube ,400,7,1,Yes,3,Netflix or other streaming platforms,2,"Data science capstone , introduction to operations research , Data mining",16,1
23,5’4,132.7,7.0/10,Playing ,Pink,8,Coffee,2,2,120,None,2,0,2,Commedy stock exchange ,Wine,No,Medium,Dogs,0,Night owl,15,No,3,Mountains,Spring,Outdoor,Introvert,Neither,None,IOS,Short,500$,6,Vegetarian,Eating at Home,Elevator,2,Yes,Yes,Python,Female ,No,Black,No,Yes,Neither,None,Savory,Chocolate Ice cream,Cristiano Ronaldo,Pizza,Other,Ludo,Cricket ,Rugby,"WhatsApp,Instagram",307,5,4,Yes,1,Netflix or other streaming platforms,2,3,6,1
28,60,115,3.8,Sketching,Blue,21,Mango lassi,1,1,,Thai,2,2,2,Friends,Wine,Yes,Hot,Both,Nil,Night owl,4,No,5,Oceans,Spring,Both,Ambivert (both),Neither,Not applicable ,IOS,Short,100,6,Non-vegetarian,Eating at Home,Stairs,1,No,Yes,Python,Female,Yes,Brown,No,Yes,Water,Rozsa,Both,Rasmalai ,Cristiano Ronaldo,Both,Playstation,,Cricket,Rugby,4,800,20,10,No,2,Netflix or other streaming platforms,3-Feb,2,60,1
27,65,141,A,Playing games,Orange,2,Tea,3,3,30,Chinese,1,1,5,All American,Neither,Yes,Hot,Dogs,0,Early bird,27,Yes,2,Mountains,Spring,Outdoor,Extravert,Neither,NA,IOS,Does not matter,1500,8,Vegetarian,Eating at Home,Stairs,4,No,Yes,Python,Female,Yes,Black,Yes,Yes,Water,Prof. Zaruba,Savory,Choco lava cake,Cristiano Ronaldo,Pizza,Playstation,,,American Football,Yes,500,10,3,No,5,Netflix or other streaming platforms,4,3,26,1
22,69.5,127.8,0,Reading,Red,4,Coffee,2,0,0,Asian,2,1,1,New girl,Wine,No,Hot,Dogs,0,Night owl,9,No,3,Mountains,Fall,Indoor,Introvert,Marvek,Pierce Brosnan,Android,Does not matter,550,7,Vegetarian,Eating out,Stairs,0,Yes,Yes,Python,Female ,No,Brown,Yes,Sometimes,Soda,Rozsa zaruba,Both,Cakes,None,Both,Other,NA,Cricket,Soccer,4,332,4,6,No,4,Netflix or other streaming platforms,3,"Foundations of Computing, Introduction to probability and statistics, Data Science ",48,1
23,6'2'',176,3.42,Chess,Red,7,Coffee,1,1,120,Italian,2,2,3,Dhruv Rathee,Hard Liquor,No,Medium,Dogs,0,Night owl,10,No,3,Oceans,Summer,Both,Ambivert (both),Neither,Sean Connery,Android,Long,$80 ,7,Vegetarian,Eating out,Stairs,2,No,Yes,Python,Male,Yes,Black,No,No,Soda,Rozsa ,Both,Cake,Cristiano Ronaldo,Both,Playstation,Agame,Football,Soccer,3,400,2,5,No,0,Youtube,1,3,4,1
23,67,156.528,3.3,Reading books ,Lavender ,3,Coffee,3,3,360,Chinese,2,1,2,The Vampire Diaries ,Neither,Yes,Hot,Dogs,NA,Night owl,12,Yes,3,Oceans,Fall,Both,Ambivert (both),Marvek,NA,Android,Short,1k,7,Vegetarian,Eating at Home,Stairs,2,Yes,Yes,Python,Female ,Yes,Black,Yes,Sometimes,Neither,Rozsa Zaruba,Both,Ice Cream,Cristiano Ronaldo,Pasta,Other,NA,Cricket ,Soccer,"3 (LinkedIn, Snapchat, Instagram)",273 - Instagram ,8,2,No,3,Netflix or other streaming platforms,1,"Data Science, Foundation of Computing, Intro to prob & stats",40,1
22,68.9,190,3.35,"Playing Table Tennis, Physical Fitness","Blue, Pink",3,Soda,2,3,2,Japanese ,1,0,3,Fuller House 1987,Neither,No,Hot,Dogs,N/A,Night owl,4,No,2,Oceans,All of them,Both,Extravert,Marvek,Pierce Brosnan,IOS,Long,0,6,Non-vegetarian,Eating out,Elevator,0,Yes,No,Python,Female ,Yes,Dark Brown ,Yes,Yes,Soda,ROZSA ZARUBA,Both,Biscoff Cheesecake ,Lionel Messi,Both,Playstation,N/A,Table Tennis ,Soccer,5,390,5,3,Yes,2 hours ,Netflix or other streaming platforms,2,"Data Science, Foundation Of Computing, Probability and Statistics ",0,1 (Elder Brother)
22,5.3,125,7.09,Dancing,Black,15,None,1,1,150 minutes,Indian,2,0,5,Never Have I Ever,Neither,No,Medium,Cats,0,Night owl,25,Yes,3,Oceans,Fall,Both,Ambivert (both),Neither,,IOS,Short,,7,Non-vegetarian,Eating at Home,Elevator,2,No,Yes,Python,Female,Yes,Black,No,Yes,Neither,Rozsa Zaruba,Savory,Tiramasu,Cristiano Ronaldo,Pasta,Playstation,,Cricket,Soccer,3,1150,4,9,Yes,5,Netflix or other streaming platforms,2,"Data science, Foundation of Computing, Introduction to Probability & Sratistics",24,1
25,72.44,150,3.4,Watching Movies,Sky Blue,15,Coffee,NA,1,5,South Indian,2,2,5,NA,Neither,No,Medium,BOTH,NA,Night owl,15,No,2,Mountains,All of them,Indoor,Introvert,Neither,NA,Android,Long,900,8,Vegetarian,Eating at Home,Elevator,1,Yes,Yes,Python,MALE,Yes,BROWN,No,Sometimes,Water,NA,Both,MILK SWEETS,Lionel Messi,Both,Playstation,EA SPORTS,CRICKET,Soccer,4,400,5,NA,No,1,Other,3,3,24,1
26,5.7,148,NA,Gamming,Blue,15,Coffee,2,3,5,pizza,2,1,5,Better call saul,Neither,No,Hot,Birds,0,Night owl,15,No,2,Mountains,Winter,Both,Ambivert (both),Marvek,None,Android,Short,600,6,Non-vegetarian,Eating at Home,Elevator,2,Yes,Yes,Python,Male,Yes,Black,Yes,Sometimes,Neither,Zaruba,Sweet,Gulab Jam,Cristiano Ronaldo,Pizza,Ninentendo,None,Cricket,American Football,4,1029,2,7,Yes,7,Netflix or other streaming platforms,3,3,40,1
23,159,69.6,3.5,Reading Novels,Blue,35,Coffee,1,1,3600,Indian,1,4,1,Succession,Neither,No,Hot,Cats,NIL,Night owl,10,No,5,Mountains,Summer,Both,Ambivert (both),Marvek,Daniel Craig,Android,Long,500,6,Non-vegetarian,Eating at Home,Elevator,2,Yes,No,Python,Male,Yes,Brownish Black,No,Yes,Neither,Rozsa Zaruba,Savory,Rasmalai,Lionel Messi,Pizza,Playstation,Steam,Soccer,Soccer,4,700,12,2,Yes,4,Netflix or other streaming platforms,2,3,24,1
22,63,110.2,3.5,Sketching ,Wine red,4,Milk,1,6,6,Indian ,1,1,2,Doraemon ,Wine,No,Medium,Dogs,700$,Night owl,10,Yes,3,Oceans,Summer,Both,Ambivert (both),Marvek,Daniel Craig ,Android,Short,600$,7,Non-vegetarian,Eating at Home,Stairs,3,No,No,Python,Female ,No,Dark brown ,No,Yes,Soda,Professor Rozsa zaruba ,Savory,Chocolate mousse ,Cristiano Ronaldo,Both,Other,Candy crush ,Cricket ,American Football,3,200,2,3,No,4,Netflix or other streaming platforms,10,3,18,1
21,62,119,3.4,Readings ,White,7,Coffee,4,2,100,Indian,2,0,2,Friends,Neither,No,Medium,Dogs,0,Night owl,10,No,3,Oceans,Spring,Indoor,Ambivert (both),Neither,,Android,Short,$500 ,7 hours ,Non-vegetarian,Eating at Home,Elevator,2,Yes,Yes,Python,Female,Yes,Black ,Yes,Yes,Soda,Professor Rozsa Zaruba,Sweet,Cake,Lionel Messi,Pasta,Other,,Cricket ,Soccer,3,100,5,3,No,4,Netflix or other streaming platforms,3,3,0,1
22,68,138,7.6,Playing cricket ,Blue,24,Milk,2,4,420,Indian ,5,Zero ,3,Lupin ,Hard Liquor,No,Hot,Dogs,Zero ,Early bird,12,No,3,Mountains,Spring,Both,Ambivert (both),Marvek,None ,IOS,Long,500$,7,Non-vegetarian,Eating at Home,Stairs,2,No,No,Python,Male ,Yes,Black ,Yes,Yes,Water,Rosa Zaruba ,Both,Choco chip ice cream ,Cristiano Ronaldo,Pizza,Xbox,Ping ,Cricket ,Rugby,4,1000,10,1,No,7,Netflix or other streaming platforms,1,"Data science,Foundation of computing,Introduction to probability and statistics ",4,1
25,67,176,0,Watching movies ,Green,10,Coffee,4,2,90,Chinese,2,0,2,Prison break ,Hard Liquor,No,Mild,Neither ,0,Night owl,20,No,2,Oceans,Summer,Indoor,Introvert,DC,Daniel Craig,IOS,Short,$150 ,7,Non-vegetarian,Eating out,Elevator,3,No,No,Python,Female ,Yes,Black ,Yes,Yes,Soda,Rozsa Zaruba,Savory,Ice cream ,Lionel Messi,Pizza,Other,N/A,American football ,American Football,5,400,1,3,No,3,Netflix or other streaming platforms,2,3,9,3
22,5.1,170,7.5,Sports,Blue,10,None,0,2,180,Indian,1,2,4,The Office,Wine,No,Hot,Dogs,0,Night owl,20,Yes,3,Oceans,Fall,Indoor,Introvert,Marvek,,Android,Long,70,5,Non-vegetarian,Eating at Home,Elevator,2,Yes,Yes,Python,Male,Yes,Black,Yes,No,Soda,Zaruba,Savory,,Cristiano Ronaldo,Pasta,Other,,Football ,Soccer,3,570,None,7,Yes,7,Netflix or other streaming platforms,2,"Data Science, Introduction to Probability and Statistics, Foundation of Computing ",9,1
22,69,150,Na,Gaming,Red,15,Tea,0,10,15,Chicken biryani,2,2,2,Game of thrones,Neither,No,Hot,,,Night owl,20,Yes,3,Oceans,All of them,Both,Ambivert (both),Marvek,,IOS,Long,700,6,Non-vegetarian,Eating at Home,Stairs,2,No,Yes,Python,Male,Yes,Black ,No,No,Neither,Rosza zaruba ,Both,Kadhu ka kheer,Cristiano Ronaldo,Pizza,Other,PUBG ,Cricket ,Soccer,5,1000,100,50,No,2,Netflix or other streaming platforms,1,3,40,1
25,62,143,3.2,Mandala art,sunset orange,20,Coffee,0,2,3,Indian,1,2,3,FRIENDS,Neither,No,Medium,Cats,0,Night owl,10,Yes,4,Oceans,All of them,Both,Ambivert (both),Neither,NA,Android,Short,700,8,Non-vegetarian,Eating at Home,Elevator,2,Yes,Yes,Python,Female,Yes,Brown,Yes,Yes,Neither,Rozsa Zaruba,Both,Rasmalai,Cristiano Ronaldo,Both,Other,chess.com,Cricket,Soccer,5,300,2,2,No,5,Netflix or other streaming platforms,4,"DASC5301,DASC5302,DASC5303",30,0
25,66,165.35,3.8,Playing Throw ball,Blue,8,Coffee,0,5,120,Indian,2,1,4,Big Boss,Neither,Yes,Hot,None,0,Night owl,20,Yes,4,Oceans,Fall,Outdoor,Ambivert (both),Marvek,Pierce Brosnan,Android,Short,$100 ,7,Vegetarian,Eating at Home,Stairs,2,Yes,No,Other,Female,Yes,Black,Yes,Yes,Water,Rozsa Zaruba,Savory,Brownie,Lionel Messi,Pizza,Playstation,Pubg,Cricket,Soccer,4,386,10,2,No,2,Netflix or other streaming platforms,4,3,36,1
23,72,154,8.72,Badminton,Blue,20,Tea,1,2,4,Butter chicken,2,2,2,Dark,Wine,No,Medium,Dogs,0,Night owl,7,No,3,Mountains,Spring,Both,Introvert,Marvek,Daniel craig,Android,Long,1000,10,Non-vegetarian,Eating at Home,Stairs,0,No,Yes,Python,Male,Yes,black,Yes,Yes,Soda,Zaruba,Sweet,Apricot delight,Lionel Messi,Pasta,Xbox,NA,Badminton,Soccer,3,1500,10,5,No,4,Netflix or other streaming platforms,5,3,16,0
22,64,170,3.81,Sleeping ,Royal Blue,2,Coffee,1,1,150,Indian,2,1,2,The Family Guy,Neither,Yes,Medium,Dogs,0,Night owl,25,No,4,Mountains,Spring,Both,Introvert,Marvek,George Lazenby ,IOS,Short,700,5,Vegetarian,Eating at Home,Stairs,2,No,No,Python,Female,No,Brown,Yes,Yes,Neither,Rozsa Zaruba,Both,Cheesecake,Neymar Jr.,Both,Playstation,NA,Cricket,Rugby,4,1256,3,1,No,2,Netflix or other streaming platforms,2,3,28,1
22,5’9”,167.5,7.9,Playing badminton ,Black,25,Coffee,0,4-Mar,,South Indian ,1,9,5,-,Wine,No,Hot,Dogs,-,Night owl,20,No,3,Mountains,Fall,Outdoor,Introvert,Neither,-,IOS,Does not matter,700,10,Non-vegetarian,Eating at Home,Elevator,1,No,No,Python,Male,Yes,Black,Yes,No,Water,Rozsa Zaruba ,Sweet,Apricot delight,Cristiano Ronaldo,Pizza,Xbox,-,Cricket,Soccer,3,732,6,6,Yes,0,Netflix or other streaming platforms,5-Apr,"Data science,prob &stats, foundation of computing",12,2
22,151,81,8.27,listening to music,Blue,20 hours,milk,nil,3,2 hours,south Indian dishes,1,1,3,Vampire Diaries,Wine,No,Hot,Dogs,not working,Night owl,15 hours,No,3,Oceans,Fall,Both,Introvert,Neither,-,Android,Long,50$,6 hours,Non-vegetarian,Eating at Home,Elevator,2,Yes,Yes,Java,Female,Yes,brown,Yes,Yes,Water,Rozsa Zaruba,Savory,choco truffle cake,Cristiano Ronaldo,Both,Playstation,-,cricket,Soccer,3,more than 500,15-Oct,more than 15,Yes,3,Netflix or other streaming platforms,3-Feb,"Data Sciemce, Foundation of Computing, Probability and Statistics",2 years,1
22,6,75,N/A,Reading books,Purple,9 hours,Coffee,3,1,5,Indian Cuisine,2,3,2,Lucifer,Neither,No,Medium,Cats,N/A,Early bird,4,No,5,Oceans,All of them,Both,Ambivert (both),DC,Daniel Craig,IOS,Long,$587.75 ,8,Vegetarian,Eating at Home,Elevator,1,Yes,No,Python,Male,Yes,black,No,Sometimes,Neither,Rozsa zaruba,Both,cake,Cristiano Ronaldo,Pizza,Playstation,stem,Cricket,Soccer,4,1000,2,5,No,4,Netflix or other streaming platforms,1,Data Science Probs and stats,24,1
21,5.3,52,7,cooking,Red,20 hours,Tea,0,3,360,Indian,2,1,1,The Vampire diaries,Neither,No,Mild,Dogs,200 dollars,Early bird,14 hours,No,3,Oceans,Fall,Indoor,Ambivert (both),Neither,Pierce Brosnan,IOS,Short,200 dollars,7 hours,Vegetarian,Eating at Home,Elevator,2,No,Yes,Python,Female,No,black,No,Yes,Neither,Rozsa Zaruba,Both,rasmalai,Lionel Messi,Pizza,Playstation,no,cricket,Rugby,2,250,3,3,No,0,My own computer,5,"DASC 5300,DASC 5301,DASC 5302",0,1
23,66,130,4,Reading books,Orange,20,None,1,1,800,Italian,3,0,0,Breaking Bad,Neither,Yes,Hot,Dogs,$500 ,Both,15,No,3,Oceans,Summer,Both,Ambivert (both),Marvek,Daniel Craig,Android,Long,$300 ,7,Vegetarian,Eating out,Stairs,3,No,Yes,Python,Male,No,Brown,Yes,Yes,Soda,Rozsa Zaruba,Both,Chocolate Cake,Lionel Messi,Pizza,Playstation,Miniclip,Tennis,American Football,2,100-200,0,3,No,5,Netflix or other streaming platforms,1,3,36,0
22,,196,7.5,Playing football,Blue,21,Tea,0,5,14,Italian,2,2,3,Game of Thrones,Neither,No,Hot,Dogs,200,Night owl,14,No,4,Oceans,Winter,Outdoor,Ambivert (both),Marvek,Pierce Brosnan,Android,Long,400,7,Non-vegetarian,Eating at Home,Elevator,1,Yes,Yes,Python,Male,Yes,Brown,No,Sometimes,Neither,Rozsa Zaruba,Savory,Rabadi,Lionel Messi,Pasta,Playstation,RIOT GAMES,Football,Soccer,4,400,5,7,No,0,Netflix or other streaming platforms,1,3,NA,1
24,5'2,64,3.833,Photography,White,18,Coffee,0,5,300,Hyderabadi Biryani,4,5,8,Mr. Robot,Wine,No,Hot,Dogs,0,Night owl,9,No,4,Mountains,Fall,Outdoor,Ambivert (both),Neither,Roger Moore,IOS,Long,"1,200$",11,Non-vegetarian,Eating out,Elevator,2,No,Yes,Python,Male,Yes,Black,Yes,Yes,Soda,Rozsa Zaruba,Sweet,Red Velvet ,Cristiano Ronaldo,Pizza,Playstation,Steam,Badminton,Soccer,7,1200,30,5,No,3,Netflix or other streaming platforms,7,"Data Science Capstone Project, Database Systems, Operational Research",36,1
24,69,180,4,Watching tv ,Pink,20,Tea,0,2,0,Mexican,0,1,3,YOU,Hard Liquor,Yes,Mild,Cats,2000,Night owl,15,No,1,Oceans,Winter,Indoor,Introvert,Marvek,None,IOS,Does not matter,1000,10,Non-vegetarian,Eating out,Elevator,2,Yes,Yes,Python,Female ,No,Green,No,Yes,Soda,Dr. Noor,Both,Cookies,None,Pizza,Xbox,Steam,Hockey ,American Football,3,200,1,5,Yes,0,Netflix or other streaming platforms,4,1,22,1
27,65,135,3.77,playing piano,green,2,Tea,1,1,220,Thai,4,1,2,The office,Neither,Yes,Mild,lizards,200,Early bird,6,Yes,2,Oceans,All of them,Both,Ambivert (both),Neither,Daniel Craig,IOS,Does not matter,200,8,Non-vegetarian,Eating at Home,Stairs,0,No,Yes,Python,male,Yes,brown,Yes,Yes,Soda,Prof. Marnim Galib,Neither,an apple,Cristiano Ronaldo,Pasta,Ninentendo,none,basketball,Soccer,3,200,0,10,No,6,Netflix or other streaming platforms,5,DASC 5309,25,1
26,61.2,117,3.7,Playing the guitar ,Black ,20,Tea,0,1,0,Mediterranean ,5,1,15,Lost,Neither,Yes,Medium,Dogs,1200,Early bird,15,No,2,Mountains,Fall,Indoor,Introvert,Marvek,None,IOS,Short,1000,8,Non-vegetarian,Eating at Home,Stairs,3,Yes,Yes,Python,Female ,No,Brown ,Yes,Yes,Neither,Soumaya Gharsallaoui,Both,Cake,Lionel Messi,Both,Xbox,None ,Cricket ,American Football,5,160,1,4,Yes,0,Netflix or other streaming platforms,2,1,24,3
25,5.1,209,3.33,Playing online video games,Blue,10,Coffee,1,3,5,Indian,2,1,5,Big Bang theory,Hard Liquor,No,Hot,Dogs,500,Night owl,4,No,3,Mountains,Winter,Both,Extravert,Marvek,Daniel creig ,IOS,Long,500,8,Non-vegetarian,Eating out,Stairs,1,Yes,No,Python,Male,Yes,Black,Yes,No,Soda,Roza zaruba ,Both,Tiramisu,Lionel Messi,Both,Playstation,God of war,Cricket,Soccer,"Instagram, facebook, linkedin",1000,Few,4,No,7,Netflix or other streaming platforms,1,Capstone project,24,1
27,63,165,4,Swimming,Blue,30,Coffee,0,2,420,Mexican,1,2,4,Hidden Love,Hard Liquor,Yes,Hot,Neither,1250,Night owl,42,Yes,3,Both,Summer,Indoor,Ambivert (both),Neither,,IOS,Long,1000,6,Non-vegetarian,Eating out,Stairs,2,Yes,Yes,Python,Female,No,Black,No,Yes,Water,Vamsi Krishna Gopi Krishna,Savory,Chocolate pastry,I dont watch football,Both,Other,,Cricket,Rugby,3,500,0,4,Yes,7,Netflix or other streaming platforms,1,1,72,1
27,62.2,136,3.67,Swimming,Blue,4,Tea,0,1,60,Indian,2,1,1,Breaking Bad,Hard Liquor,No,Medium,Dogs,600,Night owl,15,No,3,Oceans,Spring,Both,Ambivert (both),Marvek,DanielCraig,Android,Long,500,8,Non-vegetarian,Eating at Home,Stairs,2,No,Yes,Python,Male,No,Black,No,Yes,Soda,Dr. Farhad Kamangar,Savory,Ice cream,Lionel Messi,Pizza,Playstation,N/A,Cricket,American Football,4,400,3,3,No,3,Netflix or other streaming platforms,0,1,36,1
27,6,165,3.28,Surfing Internet,White,20,Tea,1,0,0,African,2,1,3,Queen Gambit,Wine,Yes,Mild,both,$400 ,Night owl,6,Yes,2,Mountains,Spring,Indoor,Ambivert (both),Neither,Bartender,Android,Short,$600 ,5,Non-vegetarian,Eating at Home,Elevator,3,No,Yes,Python,male,No,brown,No,No,Water,NA,Sweet,Ice cream,Cristiano Ronaldo,Pasta,Playstation,None,AFCON,Soccer,5,250,2,2,Yes,0,Netflix or other streaming platforms,1,2,36,4
23,5'10,169.7,3.5,Playing cricket ,Black,10hrs,Milk,None,4,10hours,South indian ,Three,One,10 pairs,None,Neither,Yes,Hot,None,None,Night owl,None,No,5,Oceans,All of them,Outdoor,Introvert,Neither,None,Android,Short,700$,8hrs,Non-vegetarian,Eating at Home,Stairs,Two,Yes,No,Python,Male,Yes,Black ,Yes,No,Neither,Roza zaruba,Neither,Chocolate ,None,Neither,Other,Nothing ,Cricket ,Soccer,4,400,20,1,No,7 days ,Netflix or other streaming platforms,None,Capestone project ,12 months,1
26,"5'5""",170,3.22,Playing badminton,Black,15-20 hrs,Tea,1,2,10,Indian,2,2,1,one piece,Wine,Maybe,Medium,Dogs,0,Early bird,10,Yes,5,Mountains,Winter,Outdoor,Ambivert (both),Marvek,pierce brosnan,Android,Does not matter,700,6,Non-vegetarian,Eating at Home,Stairs,1,Yes,Yes,Python,male,No,black,No,No,Water,none,Sweet,gulab jamun,Lionel Messi,Neither,Playstation,steam,badminton,Soccer,5,500,3,3,No,1,Netflix or other streaming platforms,1,1,24,1
25,64,121,3.667,Badminton,Blue,5,Coffee,5,2,120,Chicken biryani,1,0,5,Friends,Neither,No,Medium,Dogs,0,Night owl,20,Yes,3,Oceans,Spring,Indoor,Introvert,Neither,Nothing,IOS,Short,300,7,Non-vegetarian,Eating at Home,Elevator,0,No,Yes,Python,Female,Yes,Brown,No,Yes,Water,Rozsa Zaruba,Both,Gulab jamun,Cristiano Ronaldo,Both,Xbox,None,Cricket,Rugby,Yes,45,2,1,No,1,Netflix or other streaming platforms,1,Capstone Project,2,1
25,5.7,125,3.4,"Video games, Table tennis",Purple ,6,Coffee,4,0,120,Indian,7,7,10,Friends,Hard Liquor,No,Hot,Dogs,1000,Night owl,2,No,4,Mountains,All of them,Both,Ambivert (both),Marvek,No one ,IOS,Long,1500,6,Non-vegetarian,Eating at Home,Stairs,2,Yes,Yes,C/C++,Male,Yes,Balck,No,Yes,Neither,Miss Zaruba ,Both,Ice cream,Lionel Messi,Both,Playstation,Steam,Formula 1,Soccer,2,500,10,3,No,2,Netflix or other streaming platforms,1,5309,36,1
23,69.6,176,3.33,watching general knowledge videos,white,42,Coffee,0,1,30,mexican,2,5,5,shark tank,Hard Liquor,No,Medium,Dogs,0,Night owl,40,No,3,Mountains,Winter,Outdoor,Extravert,Neither,idk,IOS,Short,1500K,7,Non-vegetarian,Eating at Home,Elevator,2,No,No,Python,male,Yes,brown,Yes,Yes,Neither,Sakshi nischal,Sweet,brownie,Lionel Messi,Pizza,Xbox,Pubg,cricket,American Football,6,3000,40,35,No,whole week,Netflix or other streaming platforms,6,DASC 5309,,1
23,63,127.868,3.4,Travelling,Red,30,milk,0,3,90,Indian ,3,4,8,khatron ke khiladi ,Neither,No,Medium,Cats,700,,21,Yes,6,Mountains,Spring,Outdoor,Extravert,Neither,daniel craig,Android,Short,400,8hrs per day ,Non-vegetarian,Eating at Home,Elevator,2,Yes,Yes,Python,female,Yes,dark brown,No,Yes,Neither,abhishek santra,Both,qubaani ka meetha,Cristiano Ronaldo,Both,Playstation,addicting games ,Cricket,Soccer,4,900,9,5,No,2,Netflix or other streaming platforms,1,1,5,1
25,5.5,132.277,3.4,play shuttle ,yellow,14,Tea,0,1,10,Indian ,3,0,1,grey's anatomy ,Neither,Yes,Medium,Dogs,500,Night owl,16,No,3,Oceans,Spring,Both,Ambivert (both),Neither,NA,IOS,Does not matter,500,8,Non-vegetarian,Eating at Home,Elevator,2,Yes,No,Python,female ,Yes,black,Yes,Yes,Soda,,Neither,Tiramisu,none,Pizza,Other,candy crush ,cricket ,American Football,2,300,2,2,No,4,Netflix or other streaming platforms,0,data science capstone project ,9,0
29,150,130,3.76,painting,pink,35,Tea,1,2,240,Indo-Chinese,2,1,4,,Neither,Yes,Hot,Dogs,0,Night owl,10,No,3,Oceans,All of them,Both,Introvert,Marvek,Daniel Craig,IOS,Short,1000,9,Non-vegetarian,Eating at Home,Stairs,0,Yes,Yes,Python,Female,No,Dark Brown,No,Yes,Soda,my math teacher,Savory,cake,Lionel Messi,Pizza,Other,nothing,Tennis,Soccer,3,300,2,7,No,4,Netflix or other streaming platforms,1,2,12,1
26,71,230,3.2,Reading,Black ,20,Coffee,0-1,3,0,Indian,1,2,3,One-piece,Wine,No,Hot,Dogs,0,Night owl,12,No,3,Oceans,Spring,Indoor,Introvert,Marvek,Daniel Craig,Android,Short,690,6,Vegetarian,Eating at Home,Stairs,2,Yes,No,Python,Male,Yes,Brown ,Yes,Yes,Water,MARNIM GALIB,Both,Cheese Cake,Cristiano Ronaldo,Both,Playstation,None,Cricket,American Football,3,768,5,2,No,6,Netflix or other streaming platforms,3,2,24,3
27,5.5,137,3,painting,Purple,8,both,0,2,300,Indian,2,1,1,,Wine,Yes,Hot,Dogs,0,Early bird,15,Yes,3,Beaches,Fall,Both,Ambivert (both),Neither,,IOS,Does not matter,200$,7,Non-vegetarian,Eating at Home,Stairs,2,Yes,Yes,Python,female,Yes,brown,Yes,Yes,Neither,Emma Yang,Sweet,brownie with Ice cream,I dont watch football,Pizza,Other,I dont play online games,Cricket,American Football,3,800,10,10,No,5,Netflix or other streaming platforms,1,1,24,1
24,5.9,191,3.3,Listening to music ,White ,20,Coffee,0,4,4,Indian ,3,2,5,Naruto ,Hard Liquor,No,Hot,Dogs,0,Early bird,10,Yes,4,Both,Fall,Both,Ambivert (both),Marvek,Daniel Craig,Android,Long,1000,6,Non-vegetarian,Eating at Home,Stairs,3-Feb,Yes,No,Other,Male,Yes,Brown ,Yes,No,Water,DR. FARHAD A KAMANGAR,Both,Gulab jamun ,None,Both,Playstation,Uncharted ,Cricket ,Rugby,4,250,5,3,No,2,Netflix or other streaming platforms,5,5309 data science capstone project ,3,1
25,187,210,3.89,Photography,Green,7,Coffee,0,1,0,Mexican,4,1,3,Breaking Bad,Wine,No,Hot,Cats,0,Night owl,40,No,3,Oceans,Spring,Indoor,Ambivert (both),Marvek,None,Android,Long,700,5,Non-vegetarian,Eating out,Elevator,2,Yes,Yes,Python,Male,Yes,Brown,No,Yes,Water,Farhad Kamangar,Sweet,Nil,Cristiano Ronaldo,Pizza,Xbox,Nil,Football,Soccer,8,2500,5,30,Yes,0,Netflix or other streaming platforms,0,1,36,1
26,63,120,3.55,Baking ,Orange ,22,Coffee,0,4,320,Indian,3,7,20,Rizzoli and Isles ,Hard Liquor,Yes,Mild,Dogs,1250,Night owl,21,No,5,Mountains,Spring,Both,Ambivert (both),Neither,None,Android,Short,$350 ,4 hrs,Vegetarian,Eating at Home,Stairs,2,No,Yes,Python,Female ,No,Black ,No,Yes,Neither,NA ,Both,Creme caramel ,Lionel Messi,Pizza,Ninentendo,NA,Cricket,Soccer,3,500,0,7-Jun,Yes,4-Mar,Netflix or other streaming platforms,2,Data Science Capstone ,24,0
24,67,210,3.89,"Singing, listening music (Indian Classical or Semi Clasical)",Sky Blue,30,Tea,0,0,0,Indian ,2,0,0,All hindu spiritual shows,Neither,No,Hot,Both,500,Night owl,32,No,3,Both,Winter,Indoor,Ambivert (both),Neither,No idea,Android,Short,625,6,Vegetarian,Eating at Home,Elevator,2,Yes,Yes,Python,Male,No,Black,Yes,No,Neither,Gayatri Irny,Both,Rasmalai,No idea,Neither,Other,No idea,Cricket,Soccer,4,500,30,10,Yes,7,My own computer,2,1,60,0
30,5.4,64,3.6,Cooking ,Black,15,Green tea,2,2,7,Indian,2,0,15,Good morning America ,Neither,No,Medium,None,None,Early bird,19,No,3,Oceans,Fall,Both,Introvert,Neither,None,IOS,Long,350,7,Non-vegetarian,Eating at Home,Stairs,2,No,Yes,Python,Female,No,Black ,Yes,Yes,Water,emma yang,Sweet,Ice cream ,Cristiano Ronaldo,Pizza,Other,None,Cricket ,American Football,5,400,22,15,No,3,Youtube,3,1,3 yrs,1
27,5'6,120,3.2,"cooking, travelling",black,15,juice,0,0,0,asian,6-May,5,5-Mar,cooking,Hard Liquor,Yes,Hot,Dogs,0,Night owl,14,No,4,Mountains,Spring,Both,Introvert,Neither,none,IOS,Short,"3,000$",8-Jun,Non-vegetarian,Eating out,Elevator,3,No,Yes,Python,female,Yes,black,Yes,Yes,Soda,Prof Rozsa,Savory,Ice cream,none,Both,Other,none,none,American Football,4,200-300,15-20,10,No,5,Movies,2,2,36,1
23,6-May,60,3.3,"learning programming,watching netflix",black,3 hours,Tea,3,4,none,none,none,none,,none,Hard Liquor,No,Medium,Cats,no,Night owl,,Yes,3,Oceans,All of them,Outdoor,Introvert,Marvek,no,IOS,Short,1000,7 hours,Vegetarian,Eating at Home,Stairs,no,Yes,Yes,Python,female,Yes,black,Yes,Yes,Soda,Rosy,Sweet,cake,Cristiano Ronaldo,Pizza,Ninentendo,subway,vollyboll,American Football,4,,4,2,Yes,4,My own computer,No,1,5,3
24,70,170,4,Blogging,Red,14,Tea,1,3,540,South Indian,2,2,7,Richie Rich,Neither,No,Hot,Dogs,1200,Early bird,16,Yes,4,Mountains,Fall,Both,Ambivert (both),Marvek,Daniel Craig,IOS,Does not matter,641.5,6,Vegetarian,Eating at Home,Stairs,0,Yes,Yes,Python,Male,No,Black,Yes,Yes,Neither,Dr.Farhad Kamangar,Both,Chocolate Icecream,Cristiano Ronaldo,Both,Playstation,GTA,Cricket,Rugby,2,500,13,3,Yes,6,My own computer,2,5309 DATA SCIENCE CAPSTONE PROJECT,36,1
24,69,158,3.79,Cooking,Blue,7,Coffee,0,2,420,Indian,3,3,3,,Neither,Yes,Hot,Dogs,,Early bird,,Yes,3,Oceans,Spring,Outdoor,Ambivert (both),Marvek,,IOS,Long,,7,Non-vegetarian,Eating at Home,Stairs,2,Yes,Yes,Python,Male,Yes,black,No,Sometimes,Water,,Sweet,,Cristiano Ronaldo,Pizza,Xbox,,cricket,Rugby,4,1000,9,5,Yes,5,Netflix or other streaming platforms,,1,,1
23,60,120,3.89,Listening Music,Black,7 hours,Coffee,1,2,200,Indian,3,1,3,,Neither,,Hot,,,Night owl,,Yes,3,Oceans,Spring,Both,Introvert,,,Android,Short,,7,Vegetarian,Eating at Home,Stairs,,Yes,Yes,Python,Female,Yes,brown,,Yes,,,Sweet,,,Both,,,,,3,,,,No,5,Netflix or other streaming platforms,,1,,0
26,68,177,2.89,Playing cricekt,White,3,Coffee,0,1,1,Indian,2,3,0,mahabharath,Hard Liquor,Yes,Hot,Dogs,0,Night owl,8,No,4,Mountains,Fall,Both,Ambivert (both),Marvek,,IOS,Does not matter,700,6,Vegetarian,Eating at Home,Stairs,2,No,No,Python,Male,Yes,Black,No,Sometimes,Neither,Rajesh Khanna,Sweet,Prasad,Cristiano Ronaldo,Pizza,Playstation,Sccoer,Cricekt,American Football,Linkedin,1000,3,4,No,2,Netflix or other streaming platforms,1,3,18,1
23,5ft6in,180,3.222,Dance,Black,30,Coffee,,2,180,Indian,1,1,6,,Neither,Maybe,Hot,Dogs,,Night owl,10,Yes,3,Oceans,All of them,Indoor,Ambivert (both),Marvek,,IOS,Long,,,Non-vegetarian,Eating at Home,Elevator,,No,No,Python,Female,Yes,Brown,No,Yes,,,Sweet,Tiramisu,Lionel Messi,Both,,,,,,,,,,,Netflix or other streaming platforms,1,1,,1
25,5.9,173,4,Video games,Black,20,Tea,0,10,0,Indian,2,4,1,Suits,Hard Liquor,Yes,Hot,Dogs,1200,Night owl,70,No,2,Mountains,Spring,Both,Extravert,Marvek,None,IOS,Long,200,7,Non-vegetarian,Eating at Home,Elevator,0,No,No,Python,Male,Yes,Black,No,No,Soda,Farhad kamangar,Savory,Cake,Cristiano Ronaldo,Neither,Playstation,None,Cricket,Soccer,2,1000,2,2,No,0,My own computer,0,1,48,2
23,5ft.6in,56kg,3.1,Sketching ,White,May be 30-40hrs ,Coffee,0,2,300minutes,Indian,1,1,3,Full House,Neither,Yes,Hot,Dogs,0,Night owl,May be 50-60,No,3,Oceans,All of them,Outdoor,Ambivert (both),Neither,N/A,IOS,Short,100-200$,8-9hrs,Non-vegetarian,Eating at Home,Elevator,2,No,No,Python,Female,No,Black,Yes,Yes,Neither,Ms. Sandhya ,Neither,Gulab Jamun ,Virat Kohli ,Both,Other,Candy Crush,Cricket,Soccer,3,Not much,Nearly 20-25people,4,No,3,Netflix or other streaming platforms,3-Feb,Capstone project,3,1
24,5’7”,180,3.33,Playing Guitar,Black,10,Tea,0,1,0,Thai,2,0,14,One piece,Neither,Yes,Mild,None,544,Early bird,8,Yes,3,Oceans,Fall,Outdoor,Extravert,Marvek,None,IOS,Short,30,6,Vegetarian,Eating out,Stairs,2,Yes,No,Python,Female,Yes,Black,Yes,Yes,Neither,Alex,Savory,Tiramisu,Cristiano Ronaldo,Pasta,Other,None,Foot ball,American Football,3,140,0,3,No,0,Netflix or other streaming platforms,0,1,5,1
26,68,167,3.7,Playing cricket,Black,8,Coffee,1,4,14,Briyani,2,2,10,House of cards,Hard Liquor,No,Hot,Dogs,0,Night owl,10,,5,Mountains,All of them,Outdoor,Ambivert (both),Neither,Daniel craig,IOS,Long,1000,8,Non-vegetarian,Eating at Home,Stairs,2,No,No,Java,Male,Yes,Black,No,Yes,Water,N/A,Savory,Jamun,Cristiano Ronaldo,Pizza,Ninentendo,Rockstar games,Cricket,Soccer,4,1000+,Almost everyone ,4,No,4,Netflix or other streaming platforms,2,1,48,1
23,67,190,3.44,Anime,Blue,70,Tea,3,5,0,Indian,2,2,4,One piece,Hard Liquor,No,Hot,Cats,0,Night owl,20,No,3,Oceans,Spring,Outdoor,Ambivert (both),Marvek,,IOS,Long,1000,7,Non-vegetarian,Eating out,Elevator,2,No,Yes,Python,Male,Yes,Brown,Yes,No,Water,,Sweet,Ice cream,Cristiano Ronaldo,Pizza,Playstation,Mihoyo,Cricket,Soccer,3,300,3,1,No,0,Netflix or other streaming platforms,0,1,70,1
24,5.5,152.119,3.89,Video Games ,Purple ,30,Coffee,2,0,300,Indian,1,2,2,n/a,Wine,No,Hot,Dogs,1000,Night owl,40,No,2,Oceans,Spring,Indoor,Ambivert (both),Neither,N/A,IOS,Short,800,10,Non-vegetarian,Eating at Home,Stairs,2,Yes,No,Python,Male,Yes,black,No,Sometimes,Soda,Chen Victoria,Sweet,Tresleches ,,Pizza,Xbox,n/a,cricket,Soccer,Linkedin,450,5,2,Yes,4,Other,1,Data Science Capstone project ,24,1
25,5.7,174,3.6,Learning New Things,Orange,8,Tea,N/A,1,100,Indian,1,2,10,Friends,Hard Liquor,No,Hot,Fish,0$,Early bird,20,No,3,Oceans,None of them,Both,Ambivert (both),Neither,N/A,IOS,Long,1000 dollars,9 hrs,Both veg and non-veg,Eating at Home,Stairs,4,No,Yes,Python,Male,No,Don't Know,No,Sometimes,Soda,Rozsa,Both,laddu,Cristiano Ronaldo,Both,Playstation,pubg,kabaddi,Rugby,2,1000+,2,5,No,N/A,Netflix or other streaming platforms,1,Data Science Project management,48,1
23,5 4’,152,3.7,Cooking ,Pink,40,Coffee,0,4,600 mins ,Italian,1,0,5,Friends,Neither,No,Hot,Dogs,0,Night owl,25,Yes,3,Oceans,Spring,Both,Ambivert (both),Marvek,Roger Moore,IOS,Long,"$1,000 ",8,Non-vegetarian,Eating at Home,Elevator,2,Yes,Yes,Python,Female,No,Black ,Yes,Sometimes,Water,Dr Emma,Savory,Cake ,Lionel Messi,Pizza,Playstation,G2A,Soccer,Soccer,8,650,7,5,No,5,Netflix or other streaming platforms,3,1,54,1
23,61.32,170,3,Reading Novels,Blue,2hrs,Tea,2,2,90,Indian,2,None,5,One piece anime,Hard Liquor,Yes,Hot,Dogs,,Night owl,24,No,4,Mountains,All of them,Outdoor,Ambivert (both),Marvek,,IOS,Does not matter,"1,000$",6,Non-vegetarian,Eating at Home,Stairs,1,No,No,Python,Male,Yes,Black,No,No,Neither,,Savory,Cheese cake,Cristiano Ronaldo,Both,Playstation,,Cricket,Soccer,3,200,Many,10,No,Daily,Netflix or other streaming platforms,1,Capstone project,60,2
24,5.5,209,3,gaming,black,18,Tea,0,20,0,indian ,2,0,3,One piece,Neither,No,Hot,Dogs,0,Night owl,80,Yes,2,Oceans,Winter,Indoor,Introvert,Marvek,Pierce Brosnan,Android,Short,500,5,Non-vegetarian,Eating at Home,Elevator,3,Yes,Yes,Python,Male,No,black,No,No,Neither,Jesus A. Gonzalez,Savory,jigarthanda,Lionel Messi,Neither,Playstation,epic game store,Wrestling,American Football,5,1000,15,5,Yes,4,My own computer,0,1,60,0
22,64.8,143.3,3.11,Drawing,Mint blue,10,Tea,0,2,0,Indian,2,0,5,Shinchan,Neither,No,Hot,Dogs,1500,Night owl,10,No,2,Oceans,All of them,Indoor,Introvert,Marvek,None,IOS,Short,600,8,Non-vegetarian,,Elevator,2,No,No,Python,Female,No,Black,No,No,Neither,None,Sweet,Gulab jamun,Rohith Sharma,Both,Other,None,Cricket,American Football,4,150,1,3,Yes,14,My own computer,0,Data Science Capstone Project ,48,1
23,6,170,3.33,Watching Movies,Yellow,35hrs,Tea,0,3-Feb,6hrs,Chicken Dum Biryani,3,0,3,Game of thrones,Neither,No,Hot,No,0,Night owl,21hrs,No,"English,Telugu,Hindi",Mountains,Spring,Both,Ambivert (both),Marvek,-,Android,Long,700,7-8 hrs,Non-vegetarian,Eating at Home,Elevator,0,Yes,Yes,Python,Male,No,Black,Yes,Yes,Neither,Emma Yang,Sweet,Choclate Ice Cream,Cristiano Ronaldo,Pizza,Playstation,Pubg,Cricket,Soccer,4,3000,2-Jan,4,No,3,Netflix or other streaming platforms,0,1,36,1
23,67.2,165,3.66,Watching movies,Blue,70,Coffee,1,10,6240,Thai,"Thailand , India ,US",1,0,Friends,Neither,Yes,Hot,Dogs,1000,Night owl,50,Yes,3,Oceans,All of them,Both,Ambivert (both),Marvek,,IOS,Long,,8,Non-vegetarian,Eating out,Elevator,2,No,Yes,Python,Female,Yes,Hazel,Yes,Yes,Soda,Rozsa ,Both,Gulab jamaun,,Both,,,,American Football,4,600,2,10,Yes,4-Mar,Netflix or other streaming platforms,5,1,,1
23,66,152,3.9,Travelling ,White,5,None,1,5,5,Asian,2,3,4,Suits,Hard Liquor,Maybe,Medium,Dogs,0,Night owl,20,Yes,3,Mountains,All of them,Both,Introvert,Marvek,,IOS,Long,0,6,Non-vegetarian,Eating at Home,Stairs,0,Yes,Yes,Python,Male,Yes,Brown,No,Yes,Soda,,Both,Tresleches ,Lionel Messi,Both,Playstation,Nintendo,Cricket,Rugby,,,8,8,No,3,Netflix or other streaming platforms,10,1,48,1
23,5.1,180,3.89,Video games,Black,30,Coffee,2,4,240,Japanese,2,2,4,Blacklist,Wine,No,Medium,Dogs,0,Night owl,25,No,4,Mountains,Winter,Indoor,Ambivert (both),DC,Daniel Craig,IOS,Long,400,6,Vegetarian,Eating at Home,Elevator,2,Yes,No,Python,Male,No,Brown,Yes,Yes,Soda,Alireza Fallahi,Both,Ice Cream,Lionel Messi,Both,Playstation,Steam,Tennis,Rugby,2,40,10,2,No,4,Netflix or other streaming platforms,2,3,36,1
23,5.6,166,3.44,Cooking,Ornage,15 hours ,Coffee,1,3,120,Indian ,2,0,5,Friends ,Hard Liquor,No,Hot,Dogs,500$,Early bird,8,No,4,Oceans,Spring,Both,Ambivert (both),Marvek,Pierce Brosnan,IOS,Long,450$,6,Non-vegetarian,Eating at Home,Stairs,0,Yes,No,Python,Male ,Yes,Brown ,Yes,Sometimes,Water,Mrs. Shobha ,Both,Gulab jamun,Lionel Messi,Both,Playstation,Player Unknown Mobile Battlegrounds ,Cricket,Soccer,6,600,15,8,No,4,Netflix or other streaming platforms,0,2,15,1
23,66,176.37,3.11,Painting,Blue,35,Coffee,0,2-Jan,300,Indian,3,1,1,Friends,Neither,No,Medium,Dogs,,Early bird,6,Yes,4,Oceans,Fall,Both,Ambivert (both),Marvek,Pierce Brosnan,Android,Does not matter,100,7-Jun,Vegetarian,Eating at Home,Stairs,1,Yes,Yes,Python,Female,No, Brown,Yes,Yes,Soda,Abhishek Santra,Savory,Ice cream,Lionel Messi,Both,Xbox,,Cricket,Soccer,3,1k,12-Oct,8-Jul,No,5,Netflix or other streaming platforms,0,Data Science Capstone Project,30,1
23,5.3,117 lbs,3.1,Watching movies,Black,10,Coffee,1,1,420,biryani,3,1,2,Friends,Wine,No,Medium,none,0,Night owl,21,Yes,3,Oceans,Fall,Indoor,Ambivert (both),Neither,,Android,Short,500 usd,7,Non-vegetarian,Eating at Home,Elevator,0,No,Yes,Python,female,Yes,black,No,Yes,Water,Rozsa,Sweet,Ice cream,Cristiano Ronaldo,Pizza,Xbox,none,cricket,Rugby,5,100,10,2,No,7,Netflix or other streaming platforms,1,1,48,1
27,70,125,3.2,Cooking.,Black.,28,Tea,0,3,0,"RICE WITH PICKLE, HYDERABAD BIRYANI.",1,0,2,NA,Neither,No,Medium,Dogs,NA,Night owl,10,No,2,Mountains,Summer,Both,Ambivert (both),Neither,NA,Android,Long,800 USD,9,Non-vegetarian,Eating at Home,Stairs,2,No,No,Python,MALE,No,BROWN,No,Sometimes,Neither,,Both,ICE CREAM,Cristiano Ronaldo,Pizza,Other,CRAZY GAMES - SHORT GAMES.,KABADDI.,American Football,3,,4,4,No,0,Netflix or other streaming platforms,3,2,24,1
23,182,179,,Playing soccer,Blue and black,,Coffee,,2,6 hrs,,4,2,6,,Neither,No,Medium,Dogs,,Early bird,,No,4,Mountains,Fall,Outdoor,Ambivert (both),Marvek,,,Long,700$,7 hrs,Non-vegetarian,Eating at Home,Stairs,,Yes,No,Python,Male ,No,Black,No,Yes,Neither,Roza zaruba,Both,Cakes ,Cristiano Ronaldo,Pizza,Xbox,,Cricket,Soccer,3,Around 500,Few ,3,No,10 hrs,Netflix or other streaming platforms,,1,,2
24,65,116,3,Painting,Blue,21,None,None,2,530,Indian,2,None,2,Modern love strory,Neither,No,Hot,Dogs,None,Night owl,8hrs,Yes,4,Oceans,Winter,Both,Extravert,Marvek,None,IOS,Long,600,7hrs,Non-vegetarian,Eating at Home,Stairs,None,No,No,Python,Female,Yes,Black,No,Yes,Neither,None,Savory,Indian sweets,Cristiano Ronaldo,Pasta,Xbox,None,Cricket,Rugby,4,350,16,4,No,6,Netflix or other streaming platforms,None,Capstone,None,1
23,5.5,130,3.464,"Reading, Dancing, Cooking",Black,20,Coffee,7-Jun,2,02,Indian,3,1,2,Delhi Crime,Wine,No,Medium,Dogs,800,Night owl,20,Yes,3,Oceans,Fall,Both,Ambivert (both),Marvek,None,IOS,Short,600,30,Non-vegetarian,Eating at Home,Elevator,2,No,No,Python,Female,Yes,Black,Yes,Yes,Neither,Krishna Murthy,Sweet,Chocolate Cake ,,Both,Other,None,Cricket,Rugby,4,500,3,5,Yes,10,Netflix or other streaming platforms,1,"Data Capstone Project , Advanced Data Sceince",12,1
21,64,110,3.9,Singing,Black,5,Tea,2,1,120,Indian,1,1,4,Supergirl,Hard Liquor,No,Hot,Dogs,1000,Night owl,20,No,3,Oceans,Spring,Outdoor,Ambivert (both),Marvek,None,IOS,Does not matter,700,7,Vegetarian,Eating at Home,Stairs,,Yes,Yes,Python,Male,Yes,Black,No,Yes,Soda,Farhad Kamngar,Sweet,chocolate,Never watched,Pizza,Ninentendo,steam,wrestling,Soccer,4,1500,2,2,Yes,5,Netflix or other streaming platforms,1,1,48,4
24,5'4,171,3.3,Playing Badminton,Black,4-5 hrs,Coffee,1,5-Apr,45 mins - 1 hr,Thai,4,1,2,Little things,Neither,No,Hot,Dogs,NA,Night owl,10-15 hrs,No,4,Oceans,Spring,Outdoor,Extravert,Neither,na,Android,Long,200 - 300 $,8,Non-vegetarian,Eating at Home,Elevator,,No,No,Python,Female,Yes,Black,No,Yes,Water,,Both,Kaju Katli,Lionel Messi,Pasta,Other,,cricket,American Football,4,200 - 250,20-25,5,No,4-Mar,Youtube,0,Data Science Capstone Project,24,1
23,5.6,136.68,3.5,Watching Movies,Black,35,Tea,0,3,0,Indian,2,0,2,Tom and Jerry,Neither,No,Hot,Dogs,1000,Night owl,50,Yes,3,Mountains,Fall,Indoor,Introvert,Neither,NA,IOS,Long,1000,10,Non-vegetarian,Eating at Home,Elevator,0,No,No,Python,Female,Yes,Black,No,Yes,Water,None,Sweet,Gulab Jamun,Cristiano Ronaldo,Pizza,Xbox,Armor,Cricket ,Rugby,5,500,5,1,Yes,0,Netflix or other streaming platforms,3,Capstone,24,1
23,5.2,170,3.33,Reading books ,Pink,8,Tea,1,1,60 minutes ,South Indian,3,1,5,Friends,Neither,No,Hot,Dogs,Zero,Night owl,24,Yes,3,Oceans,Winter,Both,Ambivert (both),Neither,I don’t know,IOS,Short,"1,000$",8,Non-vegetarian,Eating at Home,Elevator,2,Yes,Yes,Python,Female,Yes,Black,Yes,Yes,Water,Radhika,Both,Ice cream ,Cristiano Ronaldo,Pizza,Playstation,Pubg,Cricket,American Football,4,350,10,2,No,4,Netflix or other streaming platforms,One,1,1 year,One
24,5.6,143.3,3.44,Listening to music and playing cricket,Blue,9 hrs in a week,Tea,1,1 or 2,360 minutes,Biryani,1,None,4,FRIENDS,Neither,No,Medium,Dogs,N/A,Night owl,4 to 5 hours a day,No,4,Oceans,Fall,Both,Introvert,Neither,N/A,IOS,Does not matter,750,7 hours,Non-vegetarian,Eating at Home,Elevator,1,No,No,Python,male,No,black,No,Yes,Neither,Emma yang,Sweet,cheesecake,Lionel Messi,Pizza,Other,none,cricket,American Football,3,287,5,2,No,4,Netflix or other streaming platforms,twice in a month,DASC-5309-001-DATA SCIENCE CAPSTONE PROJECT,10,1
24,68,183,4,Movies,Red,30,Tea,2,2,3,South Indian,4,0,3,Ipl,Hard Liquor,No,Hot,Dogs,0,Early bird,40,No,5,Mountains,All of them,Outdoor,Ambivert (both),Marvek,,IOS,Long,800,6,Non-vegetarian,Eating at Home,Stairs,3,Yes,Yes,Python,Male,Yes,Black,Yes,Yes,Soda,Linheswari,Sweet,Kunafa,Cristiano Ronaldo,Pizza,Playstation,Winzo,Cricket,American Football,5,1000,4,3,No,5,Netflix or other streaming platforms,4,Capstone Project,66,2
22,5ft5in,132,3.5,dancing,light pink,4,Coffee,0,2 to 3,60min,Asian,3,5,2,Stranger Things,Wine,Yes,Hot,Dogs,NA,Night owl,15,Yes,3,Oceans,Spring,Both,Ambivert (both),Marvek,NONE,IOS,Long,"1,000$",9,Non-vegetarian,Eating at Home,Elevator,2,No,Yes,Python,Female,No,brown,Yes,Yes,Soda,Marnim Galib,Both,Tiramisu,Lionel Messi,Both,Playstation,vice city,cricket,American Football,4,600,20,4,No,3,Movies,5,1,56,1
23,64,116,3.33,Travelling,Black,10,Tea,0,10,0,Italian,2,2,5,Shark Tank,Neither,No,Medium,Dogs,0,Night owl,20,Yes,3,Mountains,Spring,Outdoor,Ambivert (both),Neither,I don't know,IOS,Long,$700 ,4,Vegetarian,Eating at Home,Stairs,2,No,Yes,Python,Femalw,Yes,Brown,No,Yes,Water,Sharma Chakravarthy,Neither,Ice Cream,Cristiano Ronaldo,Pasta,Xbox,NFS,Cricket,Soccer,5,977,2,2,No,10,Netflix or other streaming platforms,1,1,12,1
26,5.2,130,3.4,"Reading, painting, dancing",White,5 hrs approximately ,Coffee,0,1,5 hrs,Indian ,2,0,4,None,Hard Liquor,Maybe,Hot,Dogs,400$,Night owl,20 hrs,Yes,3,Oceans,Fall,Both,Ambivert (both),Neither,None,Android,Short,500$,8 hrs,Non-vegetarian,Eating at Home,Elevator,2,Yes,Yes,Python,Female,Yes,Brown,Yes,Yes,Neither,Emma Yang,Both,Tiramisu,Cristiano Ronaldo,Both,Playstation,None,Cricket ,American Football,4,No idea,6,8,Yes,2,Netflix or other streaming platforms,2,Data science Capstone project ,48 months,1
31,71,91,4,F1,red,20,Coffee,1,2,120,Indian,2,0,3,The Bojack Horsemen,Wine,No,Hot,Dogs,"$1,200 ",Night owl,20,No,4,Mountains,Spring,Both,Ambivert (both),DC,Danial Grieg,IOS,Long,500,7,Non-vegetarian,Eating out,Stairs,2,No,,Python,Male,Yes,Brown,Yes,Yes,Water,Farhad Kamangar,Both,egg custard,Lionel Messi,Both,Playstation,steam,soccer,Soccer,3,around 1000,0,2,Yes,3,Netflix or other streaming platforms,1,DASC 5309 Data Science Capstone Project,36,1
23,174,200,4,Baking,Purple,20,Tea,0,1,10,Indian,1,1,2,Big Boss,Neither,No,Hot,Dogs,$500 ,Night owl,20,Yes,3,Mountains,Spring,Both,Ambivert (both),Neither,,IOS,Short,$400 ,7,Vegetarian,Eating at Home,Elevator,2,No,Yes,Python,Female,No,Brown,No,No,Neither,Farhad Kamangar,Both,Cheesecake,Cristiano Ronaldo,Both,Playstation,,Cricket,American Football,3,500,3,1,No,3,My own computer,2,DASC5309,,1
24,69,128,4,watching current affairs,Red,20,Both,0,3,0,Mutton curry,2,2,2,Game of Thrones,Neither,No,Hot,None,NA,Night owl,10,No,3,Oceans,All of them,Both,Ambivert (both),Marvek,Daniel Craig ,IOS,Long,900,8,Non-vegetarian,Eating at Home,Elevator,0,Yes,Yes,Python,Male,Yes,Black,No,Sometimes,Neither,Rosza zaruba,Both,Cake,Lionel Messi,Pizza,Other,NA,Cricket,Soccer,3,200,1,4,No,5,Netflix or other streaming platforms,1,3,48,1
24,5’4,180,3.87,Cooking,Black,15,Coffee,1,1,60,Indian,5,1,2,Big bang theory,Neither,Yes,Hot,Dogs,0,Early bird,20,Yes,3,Oceans,Spring,Outdoor,Extravert,Marvek,None,IOS,Long,400$,8,Non-vegetarian,Eating at Home,Stairs,2,Yes,Yes,Python,Female,Yes,Black,No,Yes,Neither,Rozsa Zaruba,Sweet,Cheesecake,Lionel Messi,Pizza,Playstation,Steam,Cricket,American Football,"LinkedIn,Instagram",200,10,1,No,3,Netflix or other streaming platforms,2,3,24,1
23,5’3,160,3.4,Singing,Black,8,Tea,1,3,3,Italian,3,4,8,Modern family,Wine,No,Hot,Dogs,1000,Night owl,8,No,3,Oceans,Fall,Indoor,Introvert,Marvek,,IOS,Short,None,8,Non-vegetarian,Eating at Home,Stairs,2,No,Yes,Python,Female,No,Black,No,Yes,Soda,Rosza zaruba,Sweet,Brownie,Lionel Messi,Pasta,Playstation,,Football,American Football,4,500,4,10,No,5,Netflix or other streaming platforms,2,"Capstone project, web data management, information theory for data science ",5,1
23,5ft 10inches,209,3.55,Playing Cricket ,Black,30 hours ,Coffee,2,2,10,Indian veg thali,2,6,9,Friends ,Neither,No,Hot,Dogs,0,Night owl,14,No,3,Oceans,All of them,Both,Ambivert (both),Marvek,None,Android,Long,1000,8,Non-vegetarian,Eating out,Elevator,2,Yes,Yes,Python,Male,Yes,Black,Yes,Yes,Neither,VenumadhavaChary sir,Sweet,Halwa,Cristiano Ronaldo,Pizza,Xbox,Racing games,Cricket ,Soccer,5,600,4,3,No,14,Netflix or other streaming platforms,3,2,0,2
23,63,155,4,sports,yellow,8,Tea,1,1,150,mexican,1,2,8,breaking bad,Wine,Yes,Hot,Cats,800,Early bird,10,No,2,Oceans,Fall,Indoor,Introvert,Marvek,None,IOS,Short,2000,7,Non-vegetarian,Eating out,Stairs,3,Yes,No,Python,Female,No,Brown,Yes,Sometimes,Soda,Zaruba,Sweet,Chocolate Cake,Lionel Messi,Pasta,Xbox,None,Basketball,American Football,3,1250,0,1,Yes,3,Netflix or other streaming platforms,1,3,72,3
23,67.8,143.3,4,Watching Sitcoms,Purple,45,Hot Chocolate ,1 to 2,5 to 6,0,Indian,2,1,8,Friends,Neither,No,Medium,Dogs,1200,Night owl,21,No,3,Oceans,Fall,Both,Ambivert (both),Marvek,I didn’t watch them,IOS,Does not matter,250,10,Vegetarian,Eating at Home,Elevator,NIL,Yes,Yes,Python,Female,Yes,Brown,No,Yes,Soda,None,Both,Chocolate flavored cake,Mahendra Singh Dhoni,Both,Ninentendo,None,None,Soccer,4,700,20,18,No,0,Netflix or other streaming platforms,3,"DASC 5309, EE 5364, CSE 5330",60,1
23,5.6,143.3,4,"Cricket, Table tennis",Black,8 hrs,Coffee,1 to 2 books,3 to 4 movies,240 minutes,Indian,2 countries,3,5 to 6,Friends and modern family,Neither,No,Hot,Dogs,0,Early bird,10 to 14 hrs,No,3,Oceans,Summer,Outdoor,Ambivert (both),Marvek,No one,IOS,Short,800-1000$,6-7 hrs,Non-vegetarian,Eating at Home,Stairs,1 or 2,No,No,Python,Male,Yes,Black,No,Yes,Neither,Rozsa Zaruba,Sweet,Gulab jamun,Lionel Messi,Pasta,Playstation,Nothing,Cricket,Soccer,4,250,5 members,5,No,Once a week,Netflix or other streaming platforms,1,"Dasc-5309-001, CSE-5330-002, EE-5364-001",24 months,1
22,66,172,3.75,Listening music,White,40,Tea,2,3,15,Biryani,1,0,4,Kapil sharma,Hard Liquor,No,Hot,Dogs,600,Night owl,30,No,3,Oceans,Spring,Outdoor,Ambivert (both),Marvek,Sean Connery ,IOS,Long,500,7,Non-vegetarian,Eating out,Stairs,2,Yes,Yes,Python,Male,Yes,Black,No,Sometimes,Soda,Rozua zaruba ,Sweet,Apricot delight ,Lionel Messi,Both,Playstation,,Cricket ,Rugby,4,400,10,8,No,3,Netflix or other streaming platforms,1,Data science capstone project,6,0
23,48,170,3.7,crafting,all colours ,2,Coffee,0.5,5,0,rice and  sambar,1,3,2,no,Neither,Yes,Hot,Dogs,0,Early bird,5,No,4,Oceans,Spring,Outdoor,Extravert,Marvek,no,Android,Long,$600 ,6,Non-vegetarian,Eating at Home,Elevator,3,No,Yes,Python,female,No,black,No,Sometimes,Neither,roza,Both,fruit salad,Cristiano Ronaldo,Pasta,Other,no,cricket,Soccer,1,0,10,3,Yes,0,Youtube,6,"2242-EE-5364-001,DASC 5303-005:,DASC5302-001",60,1
23,5ft 2in ,130,3.3,dancing ,blue ,21,water,1,3 to 4 ,85,Indian pasta ,2,3,5,"Friends, Big bang theory, Vampire dairies, Originals ",Neither,Maybe,Mild,Dogs,500,Night owl,9hrs,Yes,2,Oceans,All of them,Both,Extravert,Marvek,no,Android,Short,500,7,Non-vegetarian,Eating out,Stairs,2,Yes,Yes,C/C++,female,Yes,black ,No,Sometimes,Neither,Samatha (my mom),Both,Browine with vanilla ice cream ,Lionel Messi,Both,Other,Barbie Dress Up Games ,Cricket ,Soccer,4,500,2,15,Yes,5 days ,Netflix or other streaming platforms,5,3,1year,1
24,73,218,3.5,Watching web series,White,),,2,10,10,Indian,1,2,5,13 reasons why,Hard Liquor,No,Hot,Dogs,1200,Early bird,10,Yes,4,Mountains,Fall,Outdoor,Ambivert (both),DC,Daniel craig,IOS,Short,500,6,Non-vegetarian,Eating out,Stairs,3,No,No,Python,Male,Yes,Brown,No,No,Soda,Rosza zaruba,Sweet,Bread halwa,Lionel Messi,Pizza,Playstation,Miniclip,Cricket,Soccer,5,1000,10,7,Yes,10,Netflix or other streaming platforms,3,3,24 months,1
23,5.2,170,4,Cooking,Ilac,15,Both,0,7,0,Indian,3,1,2,How I met your mother,Neither,No,Hot,Dogs,0,Night owl,20,Yes,4,Oceans,Spring,Outdoor,Ambivert (both),Marvek,I don't know,Android,Short,700,9,Non-vegetarian,Eating at Home,Elevator,2,Yes,Yes,Python,Female,Yes,Brown,No,Yes,Neither,Nadra Guizani,Both,Rasmalai,Cristiano Ronaldo,Neither,Other,None,Cricket,Soccer,7,200,1,10,No,0,Netflix or other streaming platforms,2,3,20,2
24,71,154,3.67,Reading Novels,White,16hrs,Tea,1,1,180,Chicken Biryani,2,1,1,Breaking Bad,Neither,No,Hot,Dogs,NA,Night owl,10,Yes,3,Oceans,Summer,Both,Ambivert (both),Marvek,Mahesh Babu,Android,Long,500,9,Non-vegetarian,Eating at Home,Elevator,2,Yes,No,Python,Male,Yes,Black,No,Yes,Neither,Roza Zaruba,Sweet,Rabdi,Lionel Messi,Pizza,Playstation,NA,Cricket,Soccer,3,400,15,5,No,2,Netflix or other streaming platforms,1,"Data science Capstone Project, Data Base Systems, Information theory Data Science",12,1
24,5.7,170,3.7,Coding,Black ,20,Milk,1,2,250,Indian,2,0,4,One piece ,Neither,Maybe,Hot,Dogs,800,Night owl,14,No,3,Mountains,Fall,Both,Ambivert (both),Marvek,Nothing,Android,Long,500,8,Non-vegetarian,Eating at Home,Stairs,2,Yes,Yes,Java,M,No,Brown ,No,No,Water,Rozsa zaruba,Sweet,Pineapple cake,Lionel Messi,Neither,Playstation,Nothing ,Cricket ,Soccer,3,250,8,8,No,14,Netflix or other streaming platforms,1,2,20,1
25,64,165,4,watching anime,orange,5,Tea,1,1,0,Biryani,2,0,2,Naruto,Hard Liquor,No,Medium,Dogs,700,Early bird,6,Yes,2,Both,Summer,Outdoor,Introvert,Marvek,NA,IOS,Long,300,7,Vegetarian,Eating at Home,Elevator,0,No,No,Python,Male,Yes,Black,Yes,No,Water,Not Sure,Sweet,Flavored Yogurt,Lionel Messi,Pizza,Playstation,NA,Badminton,American Football,3,1200,6,3,Yes,20,Netflix or other streaming platforms,1,"Information Theory of Data Science, Capstone Project Management, Data Mining",3,1
22,64,160,3.5,Reading books,White ,3,Tea,2,5,2,Indian,2,1,3,Shinchan,Neither,No,Hot,Dogs,0,Night owl,20,Yes,3,Mountains,Spring,Both,Ambivert (both),Marvek,Sean Connery ,IOS,Long,600$,7,Vegetarian,Eating at Home,Elevator,2,Yes,Yes,Python,Female ,No,Black,No,Sometimes,Neither,Rozsa Zaruba,Both,Rasmalai,Cristiano Ronaldo,Pizza,Other,Scuffeduno.com,Baseball,Soccer,1,182,12,2,Yes,0,Netflix or other streaming platforms,1,"Data science capstone project, data mining, introduction to operations research",24,1
22,5’8,165,3.85,Playing cricket ,Black ,10,Milk ,1 or 2 ,1 or 2 ,10hrs ,Indian ,3,1,3,Naruto ,Neither,No,Hot,None ,Zero,Early bird,15,Yes,4,Oceans,Spring,Outdoor,Extravert,Marvek,None ,IOS,Long,"1,000$",30,Vegetarian,Eating at Home,Stairs,None ,Yes,No,Python,Male,Yes,Black ,Yes,Yes,Neither,,Sweet,Gulab jamun ,Lionel Messi,Both,Playstation,Rockstar ,Cricket ,Soccer,4 or 5,1k ,20,20-30,No,5,Netflix or other streaming platforms,1,"Data science capstone project , Data base systems and operational research ",12,1
24,178,160,3.625,Cricket,Black,20,Coffee,2,3,150,Indian,3,1,3,Mr bean,Neither,No,Hot,Dogs,0,Night owl,25,No,3,Oceans,Spring,Both,Introvert,Neither,Nothing ,IOS,Long,500,6,Non-vegetarian,Eating at Home,Stairs,2,Yes,No,Python,Male,Yes,Black,Yes,No,Neither,Rouza zaruba ,Both,Gulab jamun,Lionel Messi,Pasta,Playstation,Gta,Cricket ,Rugby,3,500,4,3,No,6,Youtube,0,2,10,1
24,5.4,139,3.833,Playing badminton ,Blue,34,Tea,1,6,43,Biryani,3,1,3,Dance show,Neither,No,Medium,Dogs,0,Night owl,9,No,4,Mountains,Spring,Outdoor,Introvert,Neither,Nothing,IOS,Does not matter,0,9,Vegetarian,Eating at Home,Stairs,2,No,No,Python,Male,Yes,Black,No,Yes,Water,Kavya,Both,Icecream,Cristiano Ronaldo,Pizza,Xbox,None,Cricket,American Football,6,433,3,3,No,6,Netflix or other streaming platforms,3,"Capstone project, Database systems, Operations research ",15,1
23,64.8,116.845,4,Sketching,Blue,10,Coffee,1,2,120,Indian,1,1,1,FRIENDS,Neither,No,Hot,Dogs,0,Early bird,5,No,3,Oceans,Fall,Indoor,Introvert,Neither,I don't know,IOS,Short,350$,8,Non-vegetarian,Eating at Home,Stairs,2,No,Yes,Python,Female,No,Black,Yes,Yes,Neither,Dr. Marnim Galib,Sweet,Chocolate Icecream,Puneeth Rajkumar,Pizza,Other,I don't play video games,Cricket,American Football,3,300,3,8,No,5,My own computer,1,2,36,1
24,5.8,165,3.883,Drawing,Blue,14,Tea,0,2,600,Indian,4,2,5,Suits,Neither,No,Hot,Dogs,$700 ,Night owl,20,No,3,Oceans,Spring,Outdoor,Introvert,Marvek,No,IOS,Long,$500 ,8 hours per day,Non-vegetarian,Eating at Home,Elevator,1,Yes,Yes,Python,Male,Yes,Black,No,Sometimes,Neither,Rozsa Zaruba,Sweet,Rasmalai,Lionel Messi,Both,Playstation,FIFA 24,Cricket,Soccer,5,596,4,3,No,5,Netflix or other streaming platforms,4,"Database systems, Operations Research, Capstone project",13,1
29,64.5,132,3.857,Watching movies,violet,28,Coffee,1,5,0,Chinese,6,0,15,big bang theory,Neither,Yes,Medium,Neither,0,Early bird,20,No,"3: English, malayalam, hindi",Mountains,Spring,Indoor,Introvert,Marvek,Pierce Brosnan,Android,Short,500 dollars,8,Non-vegetarian,Eating at Home,Stairs,2,Yes,No,Python,Female,No,black,Yes,Yes,Soda,Rozsa Zaruba,Both,Ice cream,Lionel Messi,Pizza,Other,I dont play games,tennis,Soccer,3,1000,5,3,No,2,Netflix or other streaming platforms,1,"3: Data base system, data mining, capstone project",72,0
23,69,130,3.333,Listening songs,Green,10,Coffee,2,5,180,Pizza,2,3,4,Mr.Bean,Wine,No,Medium,Cats,0,Night owl,9,No,4,Oceans,Spring,Both,Introvert,Neither,Timothy Dalton,IOS,Long,700,7,Vegetarian,Eating out,Stairs,2,No,Yes,Python,Male,No,Brown,No,Sometimes,Water,Rozsa Zaruba,Both,Chocolate Cake,Cristiano Ronaldo,Both,Ninentendo,Steam,Badminton,American Football,3,75,20,5,No,7,My own computer,7,"Data science capstone project, Information theory for data science, introduction to operations research",14,1
25,5.2,132,3.625,lazer cutting,blue,14-Oct,milkshake,0,1,120,Punjabi,2,0,1,,Neither,Yes,Hot,Dogs,,Night owl,18,Yes,3,,Summer,Outdoor,Extravert,Neither,,Android,Does not matter,$700 ,8,Vegetarian,Eating at Home,Elevator,2,No,No,Python,Female,Yes,light brown,Yes,Sometimes,Neither,Dr. Samir Patel,Sweet,Smoothie bowl,,Pasta,,,,,3,,16,4,Yes,4,Netflix or other streaming platforms,,2,32,1
26,65,141,0.170833333,Cooking ,Red,20,Nothing ,1,5,18,Indian,1,1,3,Shark tank,Neither,No,Hot,Neither ,600,Night owl,9,No,3,Mountains,All of them,Both,Ambivert (both),Marvek,Daniel Craig ,IOS,Long,500,9,Non-vegetarian,Eating at Home,Elevator,3,Yes,Yes,Python,Male,No,Black,No,No,Neither,Bhanu jain,Sweet,Gulabjamun,Lionel Messi,Neither,Playstation,Miniclip,Cricket ,Rugby,4,400,40,6,No,0,Youtube,1,2,12,0
24,5’7”,180,3.33,Watching anime ,Black,7,Coffee,0,1,1,Thai,1,0,14,One piece,Wine,Yes,Hot,None,944,Early bird,15,No,3,Oceans,Spring,Outdoor,Ambivert (both),Marvek,No idea,IOS,Short,500,5,Vegetarian,Eating out,Stairs,0,Yes,No,Python,Female,Yes,Black,Yes,Yes,Neither,Alex,Both,Tiramisu,Cristiano Ronaldo,Pasta,Other,NA,American football,American Football,3,100,1,10,Yes,9,Netflix or other streaming platforms,0,1,84,1
24,62 inches (5’2) ,128,3.7,Reading,Green,6,Tea,5,0,N/A,Korean,3,1,1,One Day,Neither,Yes,Medium,Cats,N/A,Night owl,6,No,2,Oceans,Spring,Indoor,Ambivert (both),Neither,Daniel Craig,IOS,Long,300,8.5,Non-vegetarian,Eating at Home,Stairs,0,Yes,Yes,Python,Female,No,Brown,No,Yes,Water,Emma Yang,Sweet,Ice Cream,Don’t have a preference ,Pizza,Ninentendo,N/A,Volleyball,Soccer,"3 (Instagram, Reddit, LinkedIn) ","800 followers on LinkedIn, 0 on Reddit, 260 on Instagram",5,3,Yes,10,Netflix or other streaming platforms,1,2,36,3
26,5 feet 5 inches,146,3.778,Watching movies ,Green ,15-17,Tea,1,4,180,Indian ,3,1,1,Friends ,Wine,Yes,Hot,Dogs,500,Night owl,15,Yes,4,Mountains,Winter,Both,Ambivert (both),Neither,Timothy dalton ,IOS,Long,600,8,Non-vegetarian,Eating at Home,Stairs,1,No,Yes,Python,Female ,No,Black ,Yes,Sometimes,Soda,Alex ,Savory,Tiramisu,Cristiano Ronaldo,Pizza,Other,None ,Cricket ,American Football,3,2400,5,4,Yes,3,Netflix or other streaming platforms,2,DASC 5391,36,1
26,5.8,166,3.65,Cooking,Orange,28 to 30,Coffee,0,1,360,Indian and Mexican,1,1,2,Nike or Woodland,Neither,No,Medium,neither,500,Night owl,35,No,3,both,Spring,Both,Ambivert (both),Marvek,Noone,Android,Long,300,8hrs,Non-vegetarian,Eating at Home,Stairs,3,Yes,Yes,Other,Male,No,black,No,Sometimes,Neither,Rozsa Zaruba,Both,Icecream cake,Lionel Messi,Neither,Playstation,I dont have any,Cricket and Football,American Football,"whatsapp (80%), linkedin (15%), instagram(5%)","Linkedin (1500+), instagram(20)",2,4,Yes,4,Netflix or other streaming platforms,1,2,36,1
23,61,117,3.7,Painting,White,14,Tea,1,2,0,Indian,2,1,1,Tom and jerry,Neither,Yes,Medium,I don’t prefer having cats or dogs,0,Night owl,7,Yes,3,,Fall,Both,Ambivert (both),,,IOS,Long,$700 ,8,Vegetarian,Eating at Home,Elevator,2,No,Yes,Python,Female,Yes,Black,No,Sometimes,Neither,,Sweet,Icecream,,Pizza,Other,Ludo,Cricket,,5,300,5,10,No,0,Movies,1,3,24,-
24,67,117,3.25,Knowing about new innovations and technologies,Purpule,7,Coffee,1,7,5,Biryani,2,0,1,Friends ,Neither,Yes,Medium,Dogs,0,Night owl,40,No,2,Oceans,Spring,Indoor,Ambivert (both),Neither,,IOS,Short,,7,Non-vegetarian,Eating at Home,Stairs,1,No,No,Python,Female,No,Black,No,Sometimes,Neither,,Both,,Cristiano Ronaldo,Pizza,Other,,,,"3 - LinkedIn, Instagram, Handshake",LinkedIn- 1170 Instagram- 450,Mostly I am in touch with all of them,3,Yes,5,Netflix or other streaming platforms,1,yes,48,1
26,5 4,152,3.64,Badminton,White,14,Milk,0,1,8,Indian,2,0,1,Bigboss,Neither,No,Medium,Dogs,0,Early bird,35,No,2,Oceans,All of them,Outdoor,Introvert,Neither,None,IOS,Short,1000,7-Jun,Non-vegetarian,Eating at Home,Elevator,2,Yes,Yes,Python,Female,No,Black,No,Yes,Neither,Rosza Zaruba,Sweet,Kaju Katli,Cristiano Ronaldo,Neither,Other,None,Cricket,American Football,4,600,5,3,No,2,Netflix or other streaming platforms,0,"DASC-5391, EE-5364",24,1
22,71,155,3.15,Star gazing ,Blue,2,Tea,0,0,0,Mediterranean ,10,5,2,Gundam,Neither,No,Medium,Cats,600,Night owl,14,No,2,Stars,Winter,Both,Ambivert (both),Neither,None,IOS,Short,600,6,Non-vegetarian,Eating out,Stairs,None,Yes,No,Java,Male,No,Brown,Yes,Yes,Neither,Bakker,Both,Boba,Cristiano Ronaldo,Pizza,Ninentendo,League of legends ,America Football ,American Football,4,50,8,4,Yes,0,My own computer,0,5,7,2
24,185,198,3.3,Playing footing ,Blue,30,Boost,3,3,10,Southern,2,5,2,Peaky blinders ,Hard Liquor,Yes,Hot,Dogs,0,Night owl,10,No,2,Mountains,All of them,Both,Ambivert (both),Marvek,Daniel craig,IOS,Long,1000,7,Non-vegetarian,Eating out,Elevator,2,No,No,Python,Male,Yes,Black,No,No,Soda,Roza zaruba,Both,Brownie with ice cream ,Lionel Messi,Pizza,Playstation,Rainbow six seige,Football,Soccer,5,500,10,10,No,5,Netflix or other streaming platforms,10,"Data science,foundation of computing, introduction to probability and statistics",1 year,1